5.728192534932348,0.0,0.0,0.0,0.0,0.0,0.0,0.0,0.0,0.0,-0.7552143353313607,0.0,0.0,0.0,0.0,0.0,0.0,-0.04586847994964671,-0.6147219630121508,0.0,0.0,0.0,0.0,-0.32968569097355394,0.0,0.0,-0.8690347000637684,0.0,0.0,0.0,0.0,0.0,-0.08907613662146385,0.0,0.0,0.0,0.0,0.0,0.0,0.0,0.0,0.0,0.0,0.0,0.0,0.0,0.0,0.0,0.0,0.0,0.0,0.0,0.0,0.0,0.0,-0.2797668390349881,0.0,0.0,0.0,0.0,0.0,0.0,-0.9454455611574382,0.0,0.0,0.0,0.0,0.0,-0.1923905356640434,0.0,0.0,0.0,0.0,0.0,0.0,0.0,0.0,0.0,0.0,0.0,0.0,0.0,0.0,0.0,-0.22488345616819805,0.0,0.0,-0.9901504472016218,0.0,0.0,-0.10666845741175957,0.0,-0.13448991182971803,0.0,0.0,-0.1507960205126373,0.0,0.0,0.0,0.0
0.0,7.573057050413629,0.0,0.0,-0.6247849186246517,-0.41507800281779916,0.0,0.0,0.0,0.0,0.0,0.0,0.0,0.0,0.0,0.0,0.0,0.0,0.0,0.0,0.0,0.0,0.0,0.0,0.0,0.0,0.0,0.0,0.0,0.0,0.0,0.0,0.0,-0.6161730613742249,0.0,0.0,0.0,0.0,0.0,0.0,0.0,0.0,0.0,0.0,0.0,0.0,0.0,0.0,0.0,-0.5331719872800356,0.0,0.0,-0.605875729404745,0.0,0.0,0.0,0.0,0.0,0.0,-0.8237828092890651,0.0,0.0,0.0,0.0,0.0,0.0,0.0,0.0,0.0,0.0,-0.7049830537828428,0.0,-0.5533613038370617,0.0,0.0,0.0,-0.7412012951906406,0.0,0.0,0.0,0.0,-0.22307313427814313,-0.8777949965074809,0.0,0.0,0.0,0.0,0.0,0.0,0.0,0.0,0.0,-0.8537767580269384,0.0,0.0,0.0,0.0,0.0,0.0,0.0
0.0,0.0,4.894767784662777,0.0,0.0,-0.9578546817021638,0.0,0.0,0.0,-0.7009836511143235,0.0,0.0,0.0,0.0,-0.740444690282992,0.0,0.0,0.0,0.0,0.0,0.0,0.0,0.0,0.0,-0.18021813507412854,0.0,0.0,0.0,0.0,0.0,0.0,0.0,0.0,0.0,0.0,0.0,0.0,0.0,0.0,0.0,0.0,0.0,0.0,0.0,-0.35779752405922927,0.0,0.0,0.0,0.0,0.0,0.0,0.0,0.0,0.0,0.0,0.0,0.0,-0.1343593571883337,0.0,0.0,0.0,0.0,0.0,0.0,0.0,0.0,-0.39235148595741043,-0.3884703005484873,0.0,0.0,-0.4216781306443613,0.0,0.0,0.0,0.0,0.0,0.0,0.0,0.0,0.0,0.0,0.0,0.0,0.0,0.0,0.0,0.0,0.0,0.0,0.0,-0.6163034463804549,0.0,0.0,0.0,0.0,-0.004306381710892815,0.0,0.0,0.0,0.0
0.0,0.0,0.0,3.4364758857862867,0.0,0.0,-0.296011113003825,-0.5501574160561464,0.0,0.0,0.0,0.0,0.0,0.0,0.0,0.0,0.0,0.0,0.0,0.0,0.0,0.0,0.0,0.0,0.0,0.0,0.0,0.0,0.0,0.0,0.0,0.0,0.0,0.0,0.0,0.0,0.0,0.0,0.0,0.0,-0.221104017728168,0.0,0.0,0.0,0.0,0.0,0.0,0.0,0.0,-0.6558277128871204,-0.505425435115223,0.0,0.0,-0.3756824629536537,0.0,0.0,0.0,0.0,0.0,0.0,0.0,0.0,0.0,0.0,0.0,0.0,0.0,0.0,0.0,0.0,0.0,0.0,0.0,0.0,0.0,0.0,0.0,0.0,0.0,-0.8322677280421498,0.0,0.0,0.0,0.0,0.0,0.0,0.0,0.0,0.0,0.0,0.0,0.0,0.0,0.0,0.0,0.0,0.0,0.0,0.0,0.0
0.0,-0.6247849186246517,0.0,0.0,6.366733114603464,0.0,0.0,0.0,-0.8247796693217881,0.0,0.0,0.0,0.0,0.0,0.0,0.0,0.0,0.0,0.0,0.0,0.0,0.0,0.0,-0.07898939336605415,0.0,0.0,0.0,0.0,0.0,0.0,0.0,0.0,0.0,-0.09511032391296115,-0.8986547445271804,0.0,0.0,0.0,0.0,0.0,-0.8479370280874254,0.0,0.0,0.0,0.0,0.0,0.0,0.0,0.0,0.0,0.0,0.0,-0.5549324458941522,0.0,0.0,0.0,-0.6833150479500323,0.0,0.0,0.0,0.0,0.0,0.0,0.0,0.0,0.0,-0.473106154615208,0.0,0.0,0.0,0.0,0.0,0.0,0.0,0.0,0.0,0.0,0.0,0.0,0.0,0.0,0.0,0.0,0.0,0.0,-0.07842393946107284,0.0,0.0,0.0,0.0,0.0,0.0,0.0,0.0,0.0,0.0,0.0,0.0,-0.824933669097571,-0.3817657797453662
0.0,-0.41507800281779916,-0.9578546817021638,0.0,0.0,6.012085603591412,0.0,0.0,0.0,0.0,0.0,0.0,0.0,0.0,-0.14751382805304436,0.0,0.0,0.0,0.0,-0.7796339996192432,0.0,0.0,0.0,0.0,0.0,0.0,0.0,0.0,0.0,0.0,0.0,0.0,0.0,0.0,0.0,0.0,0.0,0.0,0.0,0.0,0.0,0.0,0.0,0.0,0.0,0.0,0.0,0.0,0.0,0.0,-0.7372450577879048,0.0,-0.8045909747041906,0.0,0.0,0.0,0.0,0.0,0.0,0.0,-0.320510046494344,0.0,0.0,0.0,0.0,0.0,-0.6303240222419584,0.0,-0.7504762386999606,0.0,0.0,0.0,-0.23761657592953989,0.0,-0.2312421755412637,0.0,0.0,0.0,0.0,0.0,0.0,0.0,0.0,0.0,0.0,0.0,0.0,0.0,0.0,0.0,0.0,0.0,0.0,0.0,0.0,0.0,0.0,0.0,0.0,0.0
0.0,0.0,0.0,-0.296011113003825,0.0,0.0,3.8843663807119926,0.0,0.0,0.0,0.0,0.0,0.0,0.0,-0.7100045618040245,0.0,0.0,-0.2700837572022645,0.0,0.0,-0.2865695261824106,0.0,-0.14363378844345842,0.0,0.0,-0.335513366051162,0.0,0.0,0.0,0.0,-0.7262169766503581,0.0,0.0,0.0,0.0,0.0,0.0,0.0,0.0,0.0,0.0,0.0,0.0,0.0,0.0,0.0,0.0,0.0,0.0,0.0,0.0,-0.700210587853874,0.0,0.0,0.0,0.0,0.0,0.0,0.0,0.0,0.0,0.0,0.0,0.0,0.0,0.0,0.0,0.0,0.0,0.0,0.0,0.0,0.0,0.0,0.0,0.0,0.0,0.0,0.0,0.0,0.0,0.0,0.0,0.0,0.0,0.0,-0.4161227035206154,0.0,0.0,0.0,0.0,0.0,0.0,0.0,0.0,0.0,0.0,0.0,0.0,0.0
0.0,0.0,0.0,-0.5501574160561464,0.0,0.0,0.0,5.637252580922779,0.0,0.0,0.0,0.0,0.0,0.0,0.0,0.0,0.0,0.0,0.0,-0.965071346463624,-0.8811389131910945,0.0,0.0,0.0,0.0,0.0,0.0,0.0,-0.7375557078636721,0.0,0.0,-0.41676232052054996,0.0,0.0,0.0,0.0,0.0,0.0,0.0,0.0,-0.09600747876373816,-0.7544542548449926,-0.6625828720572315,0.0,0.0,0.0,0.0,0.0,0.0,0.0,0.0,0.0,0.0,0.0,0.0,-0.07794721154483586,0.0,0.0,0.0,0.0,0.0,0.0,0.0,0.0,0.0,0.0,0.0,0.0,0.0,0.0,0.0,0.0,-0.005805152955321358,0.0,0.0,0.0,0.0,0.0,0.0,-0.48976990666157216,0.0,0.0,0.0,0.0,0.0,0.0,0.0,0.0,0.0,0.0,0.0,0.0,0.0,0.0,0.0,0.0,0.0,0.0,0.0,0.0
0.0,0.0,0.0,0.0,-0.8247796693217881,0.0,0.0,0.0,3.244057955661108,0.0,0.0,0.0,0.0,0.0,0.0,-0.28641033559527984,-0.3762755107831388,0.0,-0.1766269748237883,0.0,0.0,0.0,0.0,0.0,0.0,0.0,0.0,-0.43539290156625987,0.0,0.0,0.0,0.0,0.0,0.0,-0.05704383533608359,0.0,0.0,0.0,0.0,0.0,0.0,-0.2409081282393939,0.0,0.0,0.0,0.0,0.0,0.0,0.0,0.0,0.0,0.0,0.0,0.0,0.0,0.0,0.0,0.0,0.0,0.0,0.0,0.0,0.0,-0.45750570582766525,0.0,0.0,0.0,-0.10196246353957683,0.0,0.0,0.0,0.0,0.0,0.0,0.0,0.0,-0.19275110297412024,0.0,0.0,0.0,0.0,0.0,0.0,0.0,-0.09440132765401343,0.0,0.0,0.0,0.0,0.0,0.0,0.0,0.0,0.0,0.0,0.0,0.0,0.0,0.0,0.0
0.0,0.0,-0.7009836511143235,0.0,0.0,0.0,0.0,0.0,0.0,4.535358175646795,0.0,0.0,0.0,0.0,0.0,0.0,0.0,0.0,0.0,0.0,-0.5446625937592957,0.0,0.0,0.0,0.0,0.0,0.0,0.0,-0.2170545201265366,0.0,0.0,0.0,0.0,0.0,0.0,0.0,0.0,0.0,-0.16620087392340932,0.0,0.0,0.0,-0.08099404324291015,-0.12214456896577941,0.0,0.0,0.0,0.0,0.0,-0.2697746884294112,0.0,0.0,0.0,0.0,0.0,0.0,0.0,0.0,0.0,0.0,-0.39796895677587263,0.0,0.0,0.0,0.0,0.0,0.0,0.0,0.0,0.0,0.0,0.0,0.0,-0.6505842156465824,0.0,-0.3055884864940659,0.0,0.0,0.0,0.0,0.0,0.0,0.0,0.0,0.0,0.0,0.0,0.0,0.0,0.0,-0.2932874541556718,0.0,0.0,0.0,0.0,0.0,0.0,0.0,-0.7861141230129365,0.0
-0.7552143353313607,0.0,0.0,0.0,0.0,0.0,0.0,0.0,0.0,0.0,3.354583956813692,0.0,0.0,0.0,0.0,0.0,0.0,0.0,0.0,0.0,0.0,0.0,-0.27571866931413114,0.0,0.0,0.0,0.0,-0.37750502427987076,0.0,0.0,0.0,0.0,0.0,0.0,0.0,0.0,0.0,-0.8535341594089529,0.0,0.0,0.0,0.0,0.0,0.0,0.0,0.0,0.0,0.0,0.0,0.0,0.0,0.0,0.0,0.0,0.0,0.0,0.0,0.0,-0.8832834565866303,0.0,0.0,0.0,0.0,0.0,0.0,0.0,0.0,0.0,0.0,0.0,0.0,0.0,0.0,0.0,0.0,0.0,0.0,0.0,0.0,0.0,0.0,0.0,0.0,0.0,-0.20932831189274625,0.0,0.0,0.0,0.0,0.0,0.0,0.0,0.0,0.0,0.0,0.0,0.0,0.0,0.0,0.0
0.0,0.0,0.0,0.0,0.0,0.0,0.0,0.0,0.0,0.0,0.0,3.8283112654445035,0.0,0.0,0.0,0.0,0.0,0.0,-0.15345562425913806,0.0,0.0,0.0,0.0,0.0,0.0,-0.3613039211057949,0.0,0.0,0.0,0.0,0.0,0.0,0.0,0.0,0.0,0.0,-0.42182663916607055,0.0,0.0,0.0,0.0,0.0,0.0,0.0,0.0,0.0,0.0,0.0,0.0,0.0,0.0,0.0,-0.09574952545859539,0.0,0.0,0.0,0.0,0.0,0.0,0.0,0.0,-0.5155023857662808,0.0,0.0,0.0,0.0,0.0,0.0,0.0,0.0,-0.615022193065957,0.0,0.0,0.0,0.0,0.0,-0.25264715079169875,0.0,-0.8643459546750323,-0.1835829704653904,0.0,0.0,0.0,0.0,0.0,0.0,0.0,-0.06250198188800637,0.0,0.0,0.0,0.0,0.0,0.0,0.0,0.0,-0.3023729188025386,0.0,0.0,0.0
0.0,0.0,0.0,0.0,0.0,0.0,0.0,0.0,0.0,0.0,0.0,0.0,2.3160829344620204,0.0,0.0,0.0,0.0,0.0,0.0,0.0,0.0,0.0,0.0,0.0,0.0,0.0,0.0,0.0,0.0,0.0,0.0,0.0,0.0,-0.6265692171874049,-0.43333989554868046,0.0,-0.21248560159930951,0.0,0.0,0.0,0.0,0.0,0.0,0.0,0.0,0.0,0.0,0.0,0.0,0.0,0.0,0.0,0.0,0.0,0.0,0.0,0.0,0.0,0.0,0.0,0.0,0.0,0.0,0.0,0.0,0.0,0.0,0.0,0.0,0.0,0.0,-0.9237961006323818,0.0,0.0,0.0,0.0,0.0,0.0,0.0,0.0,0.0,0.0,-0.11989211949424372,0.0,0.0,0.0,0.0,0.0,0.0,0.0,0.0,0.0,0.0,0.0,0.0,0.0,0.0,0.0,0.0,0.0
0.0,0.0,0.0,0.0,0.0,0.0,0.0,0.0,0.0,0.0,0.0,0.0,0.0,4.81427082958082,0.0,0.0,0.0,0.0,0.0,0.0,0.0,-0.9104056926168589,0.0,0.0,-0.05564865205772884,0.0,0.0,0.0,0.0,0.0,0.0,0.0,0.0,0.0,0.0,0.0,0.0,0.0,-0.6161426070444793,0.0,0.0,0.0,-0.8369242195435278,-0.13799700108366197,0.0,0.0,0.0,0.0,0.0,0.0,0.0,-0.16633104708019997,0.0,0.0,0.0,0.0,0.0,0.0,0.0,0.0,0.0,-0.7442135940183976,0.0,0.0,0.0,0.0,0.0,0.0,-0.11502640733266767,-0.3995405448001885,0.0,-0.04716532486726743,0.0,0.0,0.0,0.0,0.0,0.0,-0.28389451701152835,0.0,0.0,0.0,0.0,0.0,-0.5009812221243133,0.0,0.0,0.0,0.0,0.0,0.0,0.0,0.0,0.0,0.0,0.0,0.0,0.0,0.0,0.0
0.0,0.0,-0.740444690282992,0.0,0.0,-0.14751382805304436,-0.7100045618040245,0.0,0.0,0.0,0.0,0.0,0.0,0.0,5.333478862357896,0.0,0.0,0.0,0.0,0.0,0.0,0.0,0.0,0.0,0.0,0.0,0.0,0.0,0.0,-0.16540556362992143,-0.6689112110936297,-0.9166695498074116,0.0,0.0,0.0,0.0,0.0,-0.04198657535736716,0.0,0.0,0.0,0.0,0.0,0.0,0.0,0.0,0.0,0.0,0.0,0.0,-0.07849363753890826,0.0,0.0,0.0,0.0,0.0,0.0,0.0,0.0,0.0,0.0,0.0,0.0,0.0,0.0,0.0,0.0,0.0,0.0,0.0,0.0,0.0,0.0,0.0,0.0,0.0,0.0,0.0,0.0,0.0,-0.48919382093305375,0.0,0.0,-0.030765652462622972,0.0,0.0,0.0,0.0,0.0,0.0,0.0,0.0,0.0,-0.7073682649687694,-0.6367215064261509,0.0,0.0,0.0,0.0,0.0
0.0,0.0,0.0,0.0,0.0,0.0,0.0,0.0,-0.28641033559527984,0.0,0.0,0.0,0.0,0.0,0.0,6.713416078543159,0.0,0.0,0.0,0.0,0.0,0.0,0.0,0.0,0.0,0.0,0.0,0.0,0.0,0.0,-0.7701108739328737,0.0,0.0,0.0,0.0,0.0,-0.9531141281270956,-0.9769350522738289,0.0,0.0,0.0,0.0,0.0,0.0,0.0,0.0,0.0,0.0,0.0,0.0,0.0,0.0,-0.7010239134906759,-0.9080449849638328,0.0,0.0,0.0,0.0,0.0,0.0,0.0,0.0,0.0,0.0,0.0,0.0,0.0,-0.9704080989180777,0.0,0.0,0.0,0.0,0.0,0.0,0.0,0.0,0.0,0.0,0.0,0.0,0.0,0.0,0.0,0.0,0.0,0.0,0.0,0.0,0.0,0.0,0.0,0.0,0.0,-0.2705585721432431,0.0,-0.8768101190982522,0.0,0.0,0.0,0.0
0.0,0.0,0.0,0.0,0.0,0.0,0.0,0.0,-0.3762755107831388,0.0,0.0,0.0,0.0,0.0,0.0,0.0,2.1164662097604454,0.0,0.0,-0.7591577646146299,0.0,0.0,0.0,0.0,0.0,0.0,0.0,0.0,0.0,0.0,-0.42119647373856894,0.0,0.0,0.0,0.0,0.0,0.0,0.0,0.0,0.0,0.0,-0.43988662297900416,0.0,0.0,0.0,0.0,0.0,0.0,0.0,0.0,0.0,0.0,0.0,0.0,0.0,0.0,0.0,0.0,0.0,-0.11994983764510381,0.0,0.0,0.0,0.0,0.0,0.0,0.0,0.0,0.0,0.0,0.0,0.0,0.0,0.0,0.0,0.0,0.0,0.0,0.0,0.0,0.0,0.0,0.0,0.0,0.0,0.0,0.0,0.0,0.0,0.0,0.0,0.0,0.0,0.0,0.0,0.0,0.0,0.0,0.0,0.0
-0.04586847994964671,0.0,0.0,0.0,0.0,0.0,-0.2700837572022645,0.0,0.0,0.0,0.0,0.0,0.0,0.0,0.0,0.0,0.0,3.9311270915745826,0.0,0.0,0.0,0.0,-0.22416403340094204,0.0,0.0,0.0,0.0,0.0,0.0,0.0,0.0,0.0,-0.016372750999813057,0.0,0.0,0.0,0.0,0.0,0.0,0.0,0.0,-0.30895215766788886,0.0,0.0,0.0,0.0,0.0,0.0,0.0,0.0,0.0,0.0,0.0,0.0,0.0,0.0,0.0,0.0,-0.5764308778062086,0.0,0.0,0.0,0.0,0.0,-0.8123331709734802,0.0,0.0,0.0,0.0,0.0,-0.7753923856908553,0.0,0.0,0.0,0.0,0.0,0.0,0.0,0.0,-0.308279659962998,0.0,0.0,0.0,0.0,0.0,0.0,0.0,0.0,0.0,0.0,0.0,0.0,0.0,0.0,0.0,0.0,-0.593249817920485,0.0,0.0,0.0
-0.6147219630121508,0.0,0.0,0.0,0.0,0.0,0.0,0.0,-0.1766269748237883,0.0,0.0,-0.15345562425913806,0.0,0.0,0.0,0.0,0.0,0.0,3.4357233059367953,0.0,0.0,0.0,-0.5253328127885744,0.0,0.0,0.0,-0.9637025399657808,0.0,0.0,0.0,0.0,0.0,0.0,0.0,0.0,0.0,0.0,0.0,0.0,0.0,0.0,0.0,0.0,-0.7586515653881964,0.0,0.0,0.0,0.0,0.0,0.0,0.0,-0.21650210744053044,0.0,0.0,0.0,0.0,0.0,0.0,0.0,0.0,0.0,0.0,0.0,0.0,0.0,0.0,0.0,0.0,0.0,0.0,0.0,0.0,0.0,0.0,0.0,0.0,0.0,0.0,0.0,0.0,0.0,0.0,0.0,0.0,0.0,0.0,-0.026729718258636348,0.0,0.0,0.0,0.0,0.0,0.0,0.0,0.0,0.0,0.0,0.0,0.0,0.0
0.0,0.0,0.0,0.0,0.0,-0.7796339996192432,0.0,-0.965071346463624,0.0,0.0,0.0,0.0,0.0,0.0,0.0,0.0,-0.7591577646146299,0.0,0.0,8.191798711529291,0.0,0.0,-0.32277799806826346,0.0,0.0,0.0,0.0,0.0,0.0,0.0,0.0,0.0,0.0,0.0,0.0,0.0,-0.23468127845061182,0.0,-0.09755792105185002,-0.6125658697500593,0.0,0.0,0.0,0.0,0.0,0.0,0.0,0.0,0.0,0.0,0.0,-0.9869862935040183,0.0,-0.1470319032149352,0.0,-0.657274822637401,0.0,0.0,0.0,0.0,0.0,0.0,0.0,0.0,0.0,0.0,0.0,0.0,0.0,0.0,0.0,-0.7891307682486861,0.0,0.0,0.0,0.0,0.0,0.0,0.0,0.0,0.0,-0.7999292151090232,0.0,0.0,0.0,0.0,0.0,0.0,0.0,0.0,0.0,0.0,-0.10495282626320979,0.0,0.0,-0.0405455227526581,0.0,-0.8945011817810782,0.0,0.0
0.0,0.0,0.0,0.0,0.0,0.0,-0.2865695261824106,-0.8811389131910945,0.0,-0.5446625937592957,0.0,0.0,0.0,0.0,0.0,0.0,0.0,0.0,0.0,0.0,4.373105049232604,-0.6926645088750834,0.0,0.0,0.0,0.0,0.0,0.0,0.0,0.0,0.0,0.0,0.0,0.0,0.0,0.0,0.0,0.0,0.0,0.0,-0.34113993230295847,0.0,0.0,0.0,0.0,0.0,0.0,0.0,-0.3523348194317275,0.0,0.0,0.0,-0.17540652613340435,0.0,0.0,0.0,0.0,0.0,0.0,0.0,0.0,0.0,0.0,0.0,0.0,0.0,0.0,-0.8438411755643764,0.0,0.0,0.0,0.0,0.0,0.0,0.0,0.0,0.0,0.0,0.0,0.0,0.0,0.0,0.0,0.0,0.0,0.0,0.0,0.0,0.0,0.0,-0.25534705379225264,0.0,0.0,0.0,0.0,0.0,0.0,0.0,0.0,0.0
0.0,0.0,0.0,0.0,0.0,0.0,0.0,0.0,0.0,0.0,0.0,0.0,0.0,-0.9104056926168589,0.0,0.0,0.0,0.0,0.0,0.0,-0.6926645088750834,8.267740554519884,-0.2727913070738528,0.0,0.0,0.0,0.0,0.0,0.0,0.0,0.0,-0.884100493740654,0.0,0.0,0.0,-0.17666906039462416,-0.7983160081532228,0.0,-0.20118463731425362,0.0,0.0,0.0,-0.5989554477696453,0.0,0.0,0.0,0.0,0.0,0.0,0.0,0.0,0.0,-0.19097232938425757,0.0,0.0,0.0,0.0,0.0,0.0,-0.6599639599326612,0.0,0.0,0.0,0.0,0.0,-0.8082276220722804,0.0,0.0,0.0,-0.8430411290536453,0.0,0.0,0.0,0.0,0.0,0.0,0.0,0.0,0.0,-0.26624503213923845,0.0,0.0,0.0,0.0,0.0,0.0,0.0,0.0,0.0,0.0,0.0,-0.12506491621298643,0.0,0.0,0.0,0.0,-0.839138409786619,0.0,0.0,0.0
0.0,0.0,0.0,0.0,0.0,0.0,-0.14363378844345842,0.0,0.0,0.0,-0.27571866931413114,0.0,0.0,0.0,0.0,0.0,0.0,-0.22416403340094204,-0.5253328127885744,-0.32277799806826346,0.0,-0.2727913070738528,5.482980954436382,0.0,0.0,0.0,0.0,0.0,0.0,0.0,0.0,0.0,0.0,0.0,-0.522884248899528,-0.40860448485739886,0.0,0.0,0.0,0.0,-0.4617132871725569,0.0,-0.45799721188210873,-0.54564020565585,0.0,0.0,0.0,0.0,0.0,0.0,0.0,0.0,0.0,0.0,0.0,0.0,0.0,0.0,0.0,0.0,0.0,0.0,0.0,0.0,0.0,0.0,0.0,0.0,0.0,0.0,0.0,0.0,0.0,0.0,0.0,0.0,0.0,0.0,0.0,-0.3553729686453939,0.0,0.0,0.0,0.0,-0.15928011761909677,0.0,0.0,-0.2565073371954425,0.0,0.0,0.0,-0.2872372314767382,0.0,0.0,0.0,0.0,-0.26332525194304623,0.0,0.0,0.0
-0.32968569097355394,0.0,0.0,0.0,-0.07898939336605415,0.0,0.0,0.0,0.0,0.0,0.0,0.0,0.0,0.0,0.0,0.0,0.0,0.0,0.0,0.0,0.0,0.0,0.0,4.6039406008239965,0.0,0.0,0.0,-0.5347417240312242,0.0,0.0,-0.02720603111394526,0.0,0.0,0.0,0.0,-0.3938097903725395,0.0,0.0,0.0,0.0,0.0,0.0,0.0,-0.043382147937646165,-0.340813101351896,0.0,0.0,0.0,0.0,0.0,0.0,0.0,0.0,-0.26653434527337216,0.0,0.0,0.0,0.0,0.0,0.0,0.0,0.0,-0.33821915680102377,0.0,0.0,0.0,0.0,0.0,0.0,0.0,0.0,0.0,0.0,0.0,0.0,-0.7935275131195332,0.0,0.0,0.0,0.0,0.0,-0.044696619034205964,0.0,0.0,0.0,-0.06480806390700566,-0.4214918099555163,0.0,0.0,0.0,0.0,0.0,0.0,0.0,0.0,0.0,0.0,-0.4268731050503145,-0.49916210853616505,0.0
0.0,0.0,-0.18021813507412854,0.0,0.0,0.0,0.0,0.0,0.0,0.0,0.0,0.0,0.0,-0.05564865205772884,0.0,0.0,0.0,0.0,0.0,0.0,0.0,0.0,0.0,0.0,3.3994279041697837,0.0,0.0,0.0,0.0,0.0,0.0,0.0,0.0,0.0,0.0,0.0,0.0,0.0,-0.1896796172125894,0.0,0.0,0.0,0.0,0.0,0.0,0.0,0.0,0.0,0.0,0.0,0.0,0.0,-0.24809889955714048,0.0,0.0,0.0,-0.2296217066148729,0.0,0.0,0.0,0.0,0.0,0.0,-0.662636947263676,-0.4892149579290823,0.0,0.0,0.0,-0.7102175091085068,0.0,0.0,0.0,0.0,0.0,0.0,0.0,0.0,0.0,0.0,0.0,0.0,0.0,0.0,0.0,0.0,0.0,0.0,0.0,0.0,0.0,0.0,0.0,0.0,0.0,0.0,0.0,-0.6340914793520585,0.0,0.0,0.0
0.0,0.0,0.0,0.0,0.0,0.0,-0.335513366051162,0.0,0.0,0.0,0.0,-0.3613039211057949,0.0,0.0,0.0,0.0,0.0,0.0,0.0,0.0,0.0,0.0,0.0,0.0,0.0,3.7128389484095976,0.0,0.0,-0.7527269708829674,0.0,0.0,0.0,0.0,0.0,-0.13501927674865932,0.0,0.0,0.0,0.0,0.0,0.0,0.0,-0.5514190622512856,0.0,0.0,0.0,0.0,0.0,0.0,0.0,0.0,0.0,0.0,0.0,0.0,0.0,0.0,0.0,0.0,0.0,0.0,0.0,-0.48814192197982487,0.0,0.0,0.0,0.0,0.0,0.0,0.0,0.0,0.0,0.0,0.0,0.0,0.0,0.0,0.0,-0.4966942938738452,0.0,0.0,0.0,0.0,0.0,0.0,0.0,0.0,0.0,0.0,0.0,0.0,0.0,0.0,0.0,0.0,0.0,0.0,-0.5920201355160579,0.0,0.0
-0.8690347000637684,0.0,0.0,0.0,0.0,0.0,0.0,0.0,0.0,0.0,0.0,0.0,0.0,0.0,0.0,0.0,0.0,0.0,-0.9637025399657808,0.0,0.0,0.0,0.0,0.0,0.0,0.0,4.505850751124626,0.0,0.0,0.0,0.0,0.0,0.0,0.0,0.0,0.0,0.0,0.0,0.0,0.0,0.0,-0.8756215723181147,0.0,0.0,0.0,0.0,0.0,0.0,0.0,0.0,0.0,0.0,0.0,0.0,0.0,0.0,0.0,0.0,0.0,0.0,0.0,0.0,0.0,0.0,0.0,0.0,0.0,0.0,0.0,0.0,0.0,0.0,0.0,0.0,0.0,0.0,0.0,0.0,0.0,0.0,0.0,0.0,0.0,0.0,0.0,0.0,0.0,0.0,-0.6085786363099015,0.0,0.0,-0.6112070254602766,-0.5777062770067833,0.0,0.0,0.0,0.0,0.0,0.0,0.0
0.0,0.0,0.0,0.0,0.0,0.0,0.0,0.0,-0.43539290156625987,0.0,-0.37750502427987076,0.0,0.0,0.0,0.0,0.0,0.0,0.0,0.0,0.0,0.0,0.0,0.0,-0.5347417240312242,0.0,0.0,0.0,4.175189547519882,0.0,0.0,0.0,0.0,-0.08059328976736047,0.0,0.0,0.0,0.0,0.0,0.0,0.0,0.0,-0.13224327665655178,0.0,0.0,0.0,0.0,0.0,0.0,0.0,0.0,0.0,0.0,0.0,0.0,-0.9698437040355341,0.0,0.0,0.0,0.0,0.0,0.0,-0.5315083182469209,0.0,0.0,0.0,-0.13066499634042095,0.0,0.0,0.0,0.0,0.0,0.0,0.0,0.0,0.0,0.0,0.0,0.0,0.0,-0.2952062894877965,0.0,-0.1392216832620019,0.0,0.0,0.0,0.0,0.0,0.0,0.0,-0.5482683398459407,0.0,0.0,0.0,0.0,0.0,0.0,0.0,0.0,0.0,0.0
0.0,0.0,0.0,0.0,0.0,0.0,0.0,-0.7375557078636721,0.0,-0.2170545201265366,0.0,0.0,0.0,0.0,0.0,0.0,0.0,0.0,0.0,0.0,0.0,0.0,0.0,0.0,0.0,-0.7527269708829674,0.0,0.0,3.3544584360096517,-0.0016222873826838846,0.0,0.0,0.0,0.0,0.0,0.0,0.0,0.0,0.0,0.0,0.0,0.0,0.0,0.0,0.0,0.0,0.0,0.0,0.0,0.0,0.0,0.0,0.0,0.0,-0.1869186911447629,0.0,0.0,0.0,0.0,0.0,0.0,0.0,0.0,0.0,0.0,0.0,0.0,0.0,0.0,0.0,0.0,0.0,0.0,0.0,0.0,0.0,0.0,0.0,0.0,0.0,0.0,0.0,0.0,0.0,-0.22252482682934893,-0.40954059513646035,0.0,0.0,0.0,0.0,0.0,0.0,0.0,0.0,0.0,0.0,0.0,0.0,-0.2961715368456108,-0.5303432997976085
0.0,0.0,0.0,0.0,0.0,0.0,0.0,0.0,0.0,0.0,0.0,0.0,0.0,0.0,-0.16540556362992143,0.0,0.0,0.0,0.0,0.0,0.0,0.0,0.0,0.0,0.0,0.0,0.0,0.0,-0.0016222873826838846,4.0221184533581855,-0.16069176953191766,0.0,0.0,0.0,0.0,0.0,0.0,-0.41844752411041464,0.0,0.0,-0.5951940775712119,0.0,0.0,-0.808716028863022,0.0,0.0,-0.24372474730951543,0.0,0.0,0.0,0.0,0.0,0.0,-0.44895677748333895,0.0,0.0,0.0,-0.28949779131838205,0.0,0.0,0.0,0.0,0.0,0.0,0.0,0.0,0.0,0.0,0.0,0.0,0.0,0.0,0.0,-0.8198176724708583,0.0,0.0,0.0,0.0,-0.07004421368691882,0.0,0.0,0.0,0.0,0.0,0.0,0.0,0.0,0.0,0.0,0.0,0.0,0.0,0.0,0.0,0.0,0.0,0.0,0.0,0.0,0.0
0.0,0.0,0.0,0.0,0.0,0.0,-0.7262169766503581,0.0,0.0,0.0,0.0,0.0,0.0,0.0,-0.6689112110936297,-0.7701108739328737,-0.42119647373856894,0.0,0.0,0.0,0.0,0.0,0.0,-0.02720603111394526,0.0,0.0,0.0,0.0,0.0,-0.16069176953191766,7.569891663556714,0.0,-0.6183904890020346,0.0,0.0,0.0,0.0,0.0,0.0,0.0,0.0,0.0,0.0,0.0,0.0,0.0,0.0,0.0,0.0,0.0,0.0,0.0,0.0,0.0,0.0,0.0,0.0,0.0,0.0,0.0,0.0,0.0,0.0,0.0,0.0,-0.1560620572478575,0.0,-0.6611329063000115,0.0,0.0,0.0,0.0,0.0,0.0,0.0,0.0,-0.41725612401111545,0.0,-0.7863665605588084,0.0,0.0,0.0,0.0,0.0,0.0,0.0,0.0,-0.10933013383120538,-0.19183504707183086,0.0,0.0,0.0,0.0,-0.8843479539500401,0.0,0.0,0.0,-0.9708370555225163,0.0,0.0
0.0,0.0,0.0,0.0,0.0,0.0,0.0,-0.41676232052054996,0.0,0.0,0.0,0.0,0.0,0.0,-0.9166695498074116,0.0,0.0,0.0,0.0,0.0,0.0,-0.884100493740654,0.0,0.0,0.0,0.0,0.0,0.0,0.0,0.0,0.0,5.697516748235101,0.0,0.0,0.0,0.0,0.0,0.0,0.0,0.0,0.0,0.0,0.0,0.0,0.0,0.0,0.0,0.0,-0.2156494109235647,-0.9959986093313347,0.0,-0.829967095979685,0.0,0.0,0.0,0.0,0.0,0.0,-0.6224340868166689,0.0,0.0,0.0,0.0,0.0,0.0,0.0,0.0,0.0,0.0,0.0,0.0,0.0,0.0,0.0,0.0,0.0,0.0,0.0,0.0,0.0,0.0,0.0,0.0,0.0,0.0,0.0,-0.815935181115232,0.0,0.0,0.0,0.0,0.0,0.0,0.0,0.0,0.0,0.0,0.0,0.0,0.0
-0.08907613662146385,0.0,0.0,0.0,0.0,0.0,0.0,0.0,0.0,0.0,0.0,0.0,0.0,0.0,0.0,0.0,0.0,-0.016372750999813057,0.0,0.0,0.0,0.0,0.0,0.0,0.0,0.0,0.0,-0.08059328976736047,0.0,0.0,-0.6183904890020346,0.0,5.036071528278185,0.0,0.0,0.0,0.0,0.0,0.0,0.0,0.0,0.0,0.0,0.0,0.0,0.0,0.0,0.0,0.0,-0.6977186566624198,0.0,0.0,0.0,0.0,0.0,0.0,0.0,0.0,0.0,0.0,0.0,0.0,0.0,-0.8247571878240587,0.0,0.0,0.0,0.0,0.0,-0.489154896042691,0.0,0.0,0.0,0.0,0.0,0.0,0.0,0.0,0.0,0.0,0.0,0.0,-0.7819726609384294,0.0,0.0,0.0,0.0,0.0,0.0,0.0,0.0,0.0,-0.8977553091183137,0.0,-0.5402801513016013,0.0,0.0,0.0,0.0,0.0
0.0,-0.6161730613742249,0.0,0.0,-0.09511032391296115,0.0,0.0,0.0,0.0,0.0,0.0,0.0,-0.6265692171874049,0.0,0.0,0.0,0.0,0.0,0.0,0.0,0.0,0.0,0.0,0.0,0.0,0.0,0.0,0.0,0.0,0.0,0.0,0.0,0.0,4.913550362980094,-0.22106488323275508,0.0,0.0,0.0,0.0,0.0,0.0,0.0,0.0,0.0,0.0,0.0,0.0,0.0,0.0,0.0,-0.04599667861431089,0.0,0.0,0.0,0.0,0.0,0.0,0.0,-0.23429262942515128,0.0,0.0,0.0,-0.010735098545108457,0.0,0.0,0.0,0.0,-0.5907717512008706,-0.14303973836949768,0.0,0.0,0.0,0.0,0.0,0.0,0.0,0.0,0.0,0.0,-0.12770454411388088,0.0,0.0,-0.5765871829181917,0.0,0.0,0.0,0.0,0.0,0.0,0.0,-0.6384755387753538,0.0,0.0,0.0,-0.9870297153103822,0.0,0.0,0.0,0.0,0.0
0.0,0.0,0.0,0.0,-0.8986547445271804,0.0,0.0,0.0,-0.05704383533608359,0.0,0.0,0.0,-0.43333989554868046,0.0,0.0,0.0,0.0,0.0,0.0,0.0,0.0,0.0,-0.522884248899528,0.0,0.0,-0.13501927674865932,0.0,0.0,0.0,0.0,0.0,0.0,0.0,-0.22106488323275508,4.86351450647685,0.0,0.0,0.0,-0.9944599528974678,0.0,0.0,0.0,0.0,0.0,0.0,0.0,0.0,0.0,0.0,0.0,0.0,0.0,0.0,0.0,0.0,-0.0073102774249611535,0.0,-0.3664700977302884,0.0,0.0,0.0,0.0,0.0,0.0,0.0,0.0,0.0,0.0,0.0,0.0,0.0,0.0,0.0,0.0,0.0,0.0,0.0,0.0,0.0,0.0,0.0,0.0,0.0,0.0,0.0,0.0,0.0,0.0,0.0,0.0,0.0,0.0,0.0,0.0,0.0,0.0,-0.45324145234672897,0.0,-0.7740258417845172,0.0
0.0,0.0,0.0,0.0,0.0,0.0,0.0,0.0,0.0,0.0,0.0,0.0,0.0,0.0,0.0,0.0,0.0,0.0,0.0,0.0,0.0,-0.17666906039462416,-0.40860448485739886,-0.3938097903725395,0.0,0.0,0.0,0.0,0.0,0.0,0.0,0.0,0.0,0.0,0.0,2.993246213169852,0.0,0.0,0.0,0.0,0.0,0.0,0.0,0.0,0.0,0.0,0.0,0.0,0.0,0.0,0.0,0.0,-0.34646195536154445,0.0,0.0,0.0,0.0,0.0,0.0,0.0,0.0,0.0,0.0,0.0,0.0,0.0,0.0,0.0,0.0,0.0,0.0,0.0,0.0,0.0,-0.15413543192159374,0.0,0.0,0.0,0.0,0.0,0.0,0.0,0.0,0.0,0.0,0.0,-0.09143535152846716,0.0,0.0,0.0,0.0,0.0,0.0,0.0,-0.16763739156209123,-0.6859945622366692,0.0,-0.4636285125982329,-0.10486967233669064,0.0
0.0,0.0,0.0,0.0,0.0,0.0,0.0,0.0,0.0,0.0,0.0,-0.42182663916607055,-0.21248560159930951,0.0,0.0,-0.9531141281270956,0.0,0.0,0.0,-0.23468127845061182,0.0,-0.7983160081532228,0.0,0.0,0.0,0.0,0.0,0.0,0.0,0.0,0.0,0.0,0.0,0.0,0.0,0.0,5.647585025975264,-0.39441352926262363,0.0,0.0,-0.67247882153266,0.0,0.0,0.0,0.0,0.0,0.0,0.0,0.0,0.0,0.0,0.0,0.0,0.0,0.0,0.0,0.0,0.0,0.0,0.0,0.0,0.0,0.0,-0.35104476894606207,0.0,0.0,0.0,0.0,0.0,0.0,0.0,-0.23785421181698174,-0.6615304733596132,0.0,0.0,0.0,0.0,0.0,0.0,0.0,0.0,0.0,0.0,0.0,0.0,0.0,0.0,0.0,-0.7098395655610119,0.0,0.0,0.0,0.0,0.0,0.0,0.0,0.0,0.0,0.0,0.0
0.0,0.0,0.0,0.0,0.0,0.0,0.0,0.0,0.0,0.0,-0.8535341594089529,0.0,0.0,0.0,-0.04198657535736716,-0.9769350522738289,0.0,0.0,0.0,0.0,0.0,0.0,0.0,0.0,0.0,0.0,0.0,0.0,0.0,-0.41844752411041464,0.0,0.0,0.0,0.0,0.0,0.0,-0.39441352926262363,4.673208116625245,0.0,0.0,0.0,0.0,0.0,0.0,0.0,0.0,0.0,0.0,0.0,0.0,0.0,0.0,0.0,0.0,0.0,0.0,-0.21591987260052226,0.0,0.0,-0.07888655248797738,0.0,0.0,0.0,0.0,0.0,0.0,0.0,0.0,0.0,0.0,0.0,0.0,0.0,0.0,0.0,0.0,0.0,0.0,0.0,0.0,0.0,0.0,0.0,0.0,-0.15850734082910556,0.0,0.0,-0.708285712204241,0.0,0.0,0.0,0.0,0.0,0.0,-0.1296062504799229,0.0,-0.6765185631566693,0.0,-0.020166984453619863,0.0
0.0,0.0,0.0,0.0,0.0,0.0,0.0,0.0,0.0,-0.16620087392340932,0.0,0.0,0.0,-0.6161426070444793,0.0,0.0,0.0,0.0,0.0,-0.09755792105185002,0.0,-0.20118463731425362,0.0,0.0,-0.1896796172125894,0.0,0.0,0.0,0.0,0.0,0.0,0.0,0.0,0.0,-0.9944599528974678,0.0,0.0,0.0,6.329040792216933,0.0,0.0,0.0,0.0,-0.973198078887572,0.0,0.0,0.0,0.0,0.0,0.0,0.0,0.0,-0.8507331166022409,-0.9712963287338034,0.0,0.0,0.0,0.0,0.0,0.0,0.0,0.0,-0.7658381640066183,0.0,0.0,0.0,0.0,0.0,0.0,0.0,0.0,0.0,0.0,-0.5027494945426483,0.0,0.0,0.0,0.0,0.0,0.0,0.0,0.0,0.0,0.0,0.0,0.0,0.0,0.0,0.0,0.0,0.0,0.0,0.0,0.0,0.0,0.0,0.0,0.0,0.0,0.0
0.0,0.0,0.0,0.0,0.0,0.0,0.0,0.0,0.0,0.0,0.0,0.0,0.0,0.0,0.0,0.0,0.0,0.0,0.0,-0.6125658697500593,0.0,0.0,0.0,0.0,0.0,0.0,0.0,0.0,0.0,0.0,0.0,0.0,0.0,0.0,0.0,0.0,0.0,0.0,0.0,3.7097186497369243,-0.949973144392475,0.0,0.0,0.0,0.0,0.0,-0.7189436974010757,0.0,0.0,0.0,0.0,0.0,0.0,0.0,0.0,0.0,0.0,0.0,0.0,0.0,0.0,0.0,0.0,0.0,0.0,0.0,0.0,0.0,0.0,0.0,0.0,0.0,0.0,0.0,0.0,0.0,0.0,0.0,0.0,0.0,0.0,0.0,0.0,0.0,0.0,0.0,0.0,0.0,0.0,0.0,0.0,0.0,0.0,-0.30257613821502427,-0.09229133839943326,-0.07729352063269168,0.0,-0.08782780704479287,-0.868247133901372,0.0
0.0,0.0,0.0,-0.221104017728168,-0.8479370280874254,0.0,0.0,-0.09600747876373816,0.0,0.0,0.0,0.0,0.0,0.0,0.0,0.0,0.0,0.0,0.0,0.0,-0.34113993230295847,0.0,-0.4617132871725569,0.0,0.0,0.0,0.0,0.0,0.0,-0.5951940775712119,0.0,0.0,0.0,0.0,0.0,0.0,-0.67247882153266,0.0,0.0,-0.949973144392475,8.896476780304837,0.0,0.0,0.0,-0.7019864200516797,0.0,0.0,0.0,0.0,0.0,-0.305869660595125,0.0,0.0,0.0,0.0,-0.5473942959905813,0.0,0.0,0.0,0.0,0.0,0.0,0.0,0.0,0.0,0.0,-0.23814563399250255,0.0,0.0,0.0,0.0,0.0,0.0,0.0,0.0,0.0,0.0,0.0,0.0,0.0,0.0,-0.8574536352894122,-0.8263116338739016,0.0,0.0,0.0,0.0,0.0,-0.5038462871333294,0.0,-0.4409575887788577,0.0,-0.28896383704825324,0.0,0.0,0.0,0.0,0.0,0.0,0.0
0.0,0.0,0.0,0.0,0.0,0.0,0.0,-0.7544542548449926,-0.2409081282393939,0.0,0.0,0.0,0.0,0.0,0.0,0.0,-0.43988662297900416,-0.30895215766788886,0.0,0.0,0.0,0.0,0.0,0.0,0.0,0.0,-0.8756215723181147,-0.13224327665655178,0.0,0.0,0.0,0.0,0.0,0.0,0.0,0.0,0.0,0.0,0.0,0.0,0.0,7.208452915497981,-0.6299735690852262,0.0,0.0,0.0,0.0,0.0,0.0,0.0,0.0,0.0,0.0,0.0,0.0,0.0,0.0,0.0,0.0,0.0,-0.6174752524983524,0.0,0.0,0.0,0.0,0.0,0.0,0.0,0.0,0.0,0.0,0.0,0.0,0.0,0.0,-0.6781482260103917,0.0,-0.6995164722573866,0.0,0.0,-0.8552225984935933,0.0,0.0,0.0,-0.9760507844470849,0.0,0.0,0.0,0.0,0.0,0.0,0.0,0.0,0.0,0.0,0.0,0.0,0.0,0.0,0.0
0.0,0.0,0.0,0.0,0.0,0.0,0.0,-0.6625828720572315,0.0,-0.08099404324291015,0.0,0.0,0.0,-0.8369242195435278,0.0,0.0,0.0,0.0,0.0,0.0,0.0,-0.5989554477696453,-0.45799721188210873,0.0,0.0,-0.5514190622512856,0.0,0.0,0.0,0.0,0.0,0.0,0.0,0.0,0.0,0.0,0.0,0.0,0.0,0.0,0.0,-0.6299735690852262,6.5821071485932645,0.0,0.0,0.0,0.0,0.0,0.0,0.0,-0.7416102737879016,0.0,0.0,0.0,-0.3292474042720259,0.0,0.0,0.0,0.0,0.0,0.0,0.0,0.0,0.0,0.0,0.0,0.0,0.0,0.0,0.0,0.0,-0.05961630027185616,0.0,0.0,0.0,-0.009277557219482313,0.0,0.0,0.0,0.0,0.0,0.0,0.0,0.0,0.0,0.0,-0.8994579864135259,0.0,0.0,0.0,0.0,-0.7240512007965376,0.0,0.0,0.0,0.0,0.0,0.0,0.0,0.0
0.0,0.0,0.0,0.0,0.0,0.0,0.0,0.0,0.0,-0.12214456896577941,0.0,0.0,0.0,-0.13799700108366197,0.0,0.0,0.0,0.0,-0.7586515653881964,0.0,0.0,0.0,-0.54564020565585,-0.043382147937646165,0.0,0.0,0.0,0.0,0.0,-0.808716028863022,0.0,0.0,0.0,0.0,0.0,0.0,0.0,0.0,-0.973198078887572,0.0,0.0,0.0,0.0,4.9565625293524365,0.0,0.0,0.0,0.0,0.0,0.0,0.0,0.0,-0.17697487287703217,0.0,0.0,0.0,0.0,0.0,0.0,0.0,0.0,0.0,0.0,0.0,-0.8946998542887559,0.0,0.0,0.0,0.0,0.0,0.0,0.0,0.0,0.0,0.0,0.0,0.0,-0.06579170619247998,0.0,0.0,0.0,0.0,0.0,0.0,0.0,0.0,0.0,0.0,0.0,0.0,0.0,-0.42936649921244086,0.0,0.0,0.0,0.0,0.0,0.0,0.0,0.0
0.0,0.0,-0.35779752405922927,0.0,0.0,0.0,0.0,0.0,0.0,0.0,0.0,0.0,0.0,0.0,0.0,0.0,0.0,0.0,0.0,0.0,0.0,0.0,0.0,-0.340813101351896,0.0,0.0,0.0,0.0,0.0,0.0,0.0,0.0,0.0,0.0,0.0,0.0,0.0,0.0,0.0,0.0,-0.7019864200516797,0.0,0.0,0.0,4.014143740588342,0.0,0.0,-0.8867109447517132,0.0,0.0,0.0,0.0,0.0,0.0,0.0,-0.8294454899660582,0.0,-0.056301205776638996,0.0,0.0,0.0,0.0,0.0,0.0,0.0,0.0,0.0,0.0,0.0,0.0,0.0,0.0,0.0,0.0,0.0,0.0,0.0,0.0,0.0,0.0,0.0,0.0,0.0,0.0,0.0,0.0,0.0,0.0,-0.8410890546311263,0.0,0.0,0.0,0.0,0.0,0.0,0.0,0.0,0.0,0.0,0.0
0.0,0.0,0.0,0.0,0.0,0.0,0.0,0.0,0.0,0.0,0.0,0.0,0.0,0.0,0.0,0.0,0.0,0.0,0.0,0.0,0.0,0.0,0.0,0.0,0.0,0.0,0.0,0.0,0.0,0.0,0.0,0.0,0.0,0.0,0.0,0.0,0.0,0.0,0.0,0.0,0.0,0.0,0.0,0.0,0.0,2.38573768901092,0.0,0.0,0.0,0.0,0.0,0.0,0.0,0.0,0.0,0.0,0.0,0.0,0.0,0.0,0.0,0.0,0.0,0.0,-0.7797455035357048,0.0,-0.17721267615245306,0.0,0.0,0.0,-0.5378054168254691,0.0,0.0,0.0,0.0,0.0,0.0,-0.21959145665915858,0.0,0.0,-0.5855572376077642,0.0,0.0,0.0,0.0,0.0,0.0,0.0,0.0,-0.08582539823037005,0.0,0.0,0.0,0.0,0.0,0.0,0.0,0.0,0.0,0.0
0.0,0.0,0.0,0.0,0.0,0.0,0.0,0.0,0.0,0.0,0.0,0.0,0.0,0.0,0.0,0.0,0.0,0.0,0.0,0.0,0.0,0.0,0.0,0.0,0.0,0.0,0.0,0.0,0.0,-0.24372474730951543,0.0,0.0,0.0,0.0,0.0,0.0,0.0,0.0,0.0,-0.7189436974010757,0.0,0.0,0.0,0.0,0.0,0.0,2.783955706752141,0.0,0.0,0.0,0.0,0.0,-0.8330302636581435,0.0,0.0,-0.2815599314710746,0.0,0.0,0.0,0.0,0.0,0.0,0.0,0.0,0.0,0.0,0.0,0.0,0.0,0.0,0.0,0.0,0.0,0.0,0.0,0.0,0.0,0.0,0.0,0.0,0.0,0.0,-0.7066970669123318,0.0,0.0,0.0,0.0,0.0,0.0,0.0,0.0,0.0,0.0,0.0,0.0,0.0,0.0,0.0,0.0,0.0
0.0,0.0,0.0,0.0,0.0,0.0,0.0,0.0,0.0,0.0,0.0,0.0,0.0,0.0,0.0,0.0,0.0,0.0,0.0,0.0,0.0,0.0,0.0,0.0,0.0,0.0,0.0,0.0,0.0,0.0,0.0,0.0,0.0,0.0,0.0,0.0,0.0,0.0,0.0,0.0,0.0,0.0,0.0,0.0,-0.8867109447517132,0.0,0.0,4.766260786039361,0.0,0.0,0.0,0.0,0.0,-0.7589277513332948,0.0,0.0,0.0,0.0,0.0,0.0,0.0,-0.9763045310284244,0.0,0.0,0.0,0.0,0.0,0.0,0.0,0.0,0.0,0.0,0.0,0.0,0.0,0.0,0.0,0.0,0.0,0.0,0.0,0.0,0.0,-0.4225107317377028,0.0,0.0,0.0,-0.8392236696576776,0.0,0.0,0.0,0.0,0.0,0.0,-0.8825831575305478,0.0,0.0,0.0,0.0,0.0
0.0,0.0,0.0,0.0,0.0,0.0,0.0,0.0,0.0,0.0,0.0,0.0,0.0,0.0,0.0,0.0,0.0,0.0,0.0,0.0,-0.3523348194317275,0.0,0.0,0.0,0.0,0.0,0.0,0.0,0.0,0.0,0.0,-0.2156494109235647,0.0,0.0,0.0,0.0,0.0,0.0,0.0,0.0,0.0,0.0,0.0,0.0,0.0,0.0,0.0,0.0,3.4226143359503145,0.0,0.0,0.0,0.0,0.0,0.0,0.0,0.0,0.0,0.0,0.0,0.0,0.0,0.0,-0.5460938258349739,-0.6166586557256091,-0.9132001176065412,0.0,0.0,0.0,0.0,0.0,0.0,0.0,0.0,0.0,0.0,0.0,0.0,0.0,0.0,0.0,0.0,-0.7786775064278983,0.0,0.0,0.0,0.0,0.0,0.0,0.0,0.0,0.0,0.0,0.0,0.0,0.0,0.0,0.0,0.0,0.0
0.0,-0.5331719872800356,0.0,-0.6558277128871204,0.0,0.0,0.0,0.0,0.0,-0.2697746884294112,0.0,0.0,0.0,0.0,0.0,0.0,0.0,0.0,0.0,0.0,0.0,0.0,0.0,0.0,0.0,0.0,0.0,0.0,0.0,0.0,0.0,-0.9959986093313347,-0.6977186566624198,0.0,0.0,0.0,0.0,0.0,0.0,0.0,0.0,0.0,0.0,0.0,0.0,0.0,0.0,0.0,0.0,4.936979985735538,0.0,0.0,0.0,0.0,0.0,0.0,0.0,0.0,0.0,-0.2740396708010484,0.0,0.0,0.0,0.0,-0.636983616580044,0.0,0.0,0.0,0.0,0.0,0.0,0.0,0.0,0.0,0.0,0.0,0.0,0.0,0.0,0.0,0.0,-0.873465043764124,0.0,0.0,0.0,0.0,0.0,0.0,0.0,0.0,0.0,0.0,0.0,0.0,0.0,0.0,0.0,0.0,0.0,0.0
0.0,0.0,0.0,-0.505425435115223,0.0,-0.7372450577879048,0.0,0.0,0.0,0.0,0.0,0.0,0.0,0.0,-0.07849363753890826,0.0,0.0,0.0,0.0,0.0,0.0,0.0,0.0,0.0,0.0,0.0,0.0,0.0,0.0,0.0,0.0,0.0,0.0,-0.04599667861431089,0.0,0.0,0.0,0.0,0.0,0.0,-0.305869660595125,0.0,-0.7416102737879016,0.0,0.0,0.0,0.0,0.0,0.0,0.0,4.168085598458607,0.0,0.0,0.0,0.0,0.0,0.0,0.0,0.0,0.0,0.0,0.0,0.0,0.0,0.0,0.0,0.0,0.0,-0.1435400441004664,0.0,0.0,0.0,0.0,0.0,0.0,0.0,0.0,0.0,-0.4575611685945211,0.0,0.0,0.0,0.0,0.0,0.0,0.0,-0.3468887614780527,0.0,0.0,0.0,0.0,0.0,-0.805454880846193,0.0,0.0,0.0,0.0,0.0,0.0,0.0
0.0,0.0,0.0,0.0,0.0,0.0,-0.700210587853874,0.0,0.0,0.0,0.0,0.0,0.0,-0.16633104708019997,0.0,0.0,0.0,0.0,-0.21650210744053044,-0.9869862935040183,0.0,0.0,0.0,0.0,0.0,0.0,0.0,0.0,0.0,0.0,0.0,-0.829967095979685,0.0,0.0,0.0,0.0,0.0,0.0,0.0,0.0,0.0,0.0,0.0,0.0,0.0,0.0,0.0,0.0,0.0,0.0,0.0,5.833433206021234,0.0,0.0,0.0,0.0,0.0,0.0,0.0,0.0,0.0,0.0,-0.8822838336866032,0.0,0.0,0.0,-0.8161606142886864,0.0,0.0,-0.3318296739967499,0.0,-0.9031619521908867,0.0,0.0,0.0,0.0,0.0,0.0,0.0,0.0,0.0,0.0,0.0,0.0,0.0,0.0,0.0,0.0,0.0,0.0,0.0,0.0,0.0,0.0,0.0,0.0,0.0,0.0,0.0,0.0
0.0,-0.605875729404745,0.0,0.0,-0.5549324458941522,-0.8045909747041906,0.0,0.0,0.0,0.0,0.0,-0.09574952545859539,0.0,0.0,0.0,-0.7010239134906759,0.0,0.0,0.0,0.0,-0.17540652613340435,-0.19097232938425757,0.0,0.0,-0.24809889955714048,0.0,0.0,0.0,0.0,0.0,0.0,0.0,0.0,0.0,0.0,-0.34646195536154445,0.0,0.0,-0.8507331166022409,0.0,0.0,0.0,0.0,-0.17697487287703217,0.0,0.0,-0.8330302636581435,0.0,0.0,0.0,0.0,0.0,8.061981525294291,0.0,0.0,0.0,0.0,0.0,0.0,0.0,0.0,0.0,-0.7219724635659823,0.0,0.0,0.0,0.0,-0.36471409532212373,0.0,-0.42562794424896055,0.0,0.0,0.0,0.0,0.0,0.0,0.0,0.0,0.0,-0.6563560348626127,0.0,0.0,0.0,0.0,0.0,0.0,0.0,0.0,0.0,0.0,0.0,0.0,0.0,0.0,0.0,0.0,0.0,0.0,0.0,-0.3094604347684886
0.0,0.0,0.0,-0.3756824629536537,0.0,0.0,0.0,0.0,0.0,0.0,0.0,0.0,0.0,0.0,0.0,-0.9080449849638328,0.0,0.0,0.0,-0.1470319032149352,0.0,0.0,0.0,-0.26653434527337216,0.0,0.0,0.0,0.0,0.0,-0.44895677748333895,0.0,0.0,0.0,0.0,0.0,0.0,0.0,0.0,-0.9712963287338034,0.0,0.0,0.0,0.0,0.0,0.0,0.0,0.0,-0.7589277513332948,0.0,0.0,0.0,0.0,0.0,5.7935841232509855,0.0,0.0,0.0,0.0,0.0,-0.977725146856899,0.0,0.0,0.0,0.0,0.0,0.0,0.0,0.0,-0.04093711402373201,0.0,0.0,0.0,0.0,0.0,0.0,0.0,0.0,0.0,0.0,0.0,0.0,-0.6016442143620149,0.0,0.0,0.0,0.0,0.0,0.0,0.0,0.0,0.0,0.0,-0.01456972469062423,0.0,0.0,0.0,-0.28223336936148424,0.0,0.0,0.0
0.0,0.0,0.0,0.0,0.0,0.0,0.0,0.0,0.0,0.0,0.0,0.0,0.0,0.0,0.0,0.0,0.0,0.0,0.0,0.0,0.0,0.0,0.0,0.0,0.0,0.0,0.0,-0.9698437040355341,-0.1869186911447629,0.0,0.0,0.0,0.0,0.0,0.0,0.0,0.0,0.0,0.0,0.0,0.0,0.0,-0.3292474042720259,0.0,0.0,0.0,0.0,0.0,0.0,0.0,0.0,0.0,0.0,0.0,5.160067189276137,0.0,-0.5800316770016558,-0.20942335110548171,0.0,0.0,0.0,0.0,-0.9508863236695166,0.0,0.0,0.0,0.0,0.0,0.0,0.0,0.0,0.0,0.0,-0.18856178366897947,0.0,0.0,0.0,0.0,-0.41337189290256515,0.0,0.0,-0.4447829478295904,0.0,0.0,0.0,0.0,0.0,0.0,-0.45886455738546617,-0.3197821294171834,0.0,0.0,0.0,0.0,-0.10835272684337505,0.0,0.0,0.0,0.0,0.0
-0.2797668390349881,0.0,0.0,0.0,0.0,0.0,0.0,-0.07794721154483586,0.0,0.0,0.0,0.0,0.0,0.0,0.0,0.0,0.0,0.0,0.0,-0.657274822637401,0.0,0.0,0.0,0.0,0.0,0.0,0.0,0.0,0.0,0.0,0.0,0.0,0.0,0.0,-0.0073102774249611535,0.0,0.0,0.0,0.0,0.0,-0.5473942959905813,0.0,0.0,0.0,-0.8294454899660582,0.0,-0.2815599314710746,0.0,0.0,0.0,0.0,0.0,0.0,0.0,0.0,4.964234589374453,0.0,0.0,0.0,0.0,0.0,-0.32488182924088504,0.0,0.0,0.0,0.0,0.0,-0.40360409171598777,0.0,0.0,0.0,0.0,0.0,0.0,0.0,0.0,0.0,0.0,0.0,0.0,0.0,0.0,0.0,0.0,0.0,0.0,0.0,0.0,-0.7795694134763953,0.0,0.0,0.0,-0.7754803868712841,0.0,0.0,0.0,0.0,0.0,0.0,0.0
0.0,0.0,0.0,0.0,-0.6833150479500323,0.0,0.0,0.0,0.0,0.0,0.0,0.0,0.0,0.0,0.0,0.0,0.0,0.0,0.0,0.0,0.0,0.0,0.0,0.0,-0.2296217066148729,0.0,0.0,0.0,0.0,0.0,0.0,0.0,0.0,0.0,0.0,0.0,0.0,-0.21591987260052226,0.0,0.0,0.0,0.0,0.0,0.0,0.0,0.0,0.0,0.0,0.0,0.0,0.0,0.0,0.0,0.0,-0.5800316770016558,0.0,2.82845327362514,0.0,0.0,0.0,0.0,0.0,0.0,0.0,0.0,0.0,0.0,-0.0015932244245953076,0.0,0.0,0.0,0.0,0.0,0.0,0.0,-0.2698222508736854,0.0,-0.3871531041410592,0.0,0.0,0.0,-0.4609963900187166,0.0,0.0,0.0,0.0,0.0,0.0,0.0,0.0,0.0,0.0,0.0,0.0,0.0,0.0,0.0,0.0,0.0,0.0
0.0,0.0,-0.1343593571883337,0.0,0.0,0.0,0.0,0.0,0.0,0.0,0.0,0.0,0.0,0.0,0.0,0.0,0.0,0.0,0.0,0.0,0.0,0.0,0.0,0.0,0.0,0.0,0.0,0.0,0.0,-0.28949779131838205,0.0,0.0,0.0,0.0,-0.3664700977302884,0.0,0.0,0.0,0.0,0.0,0.0,0.0,0.0,0.0,-0.056301205776638996,0.0,0.0,0.0,0.0,0.0,0.0,0.0,0.0,0.0,-0.20942335110548171,0.0,0.0,1.7197700429983622,0.0,0.0,0.0,0.0,0.0,0.0,0.0,0.0,0.0,0.0,0.0,0.0,0.0,0.0,0.0,0.0,0.0,0.0,0.0,0.0,0.0,0.0,0.0,-0.6637182398792374,0.0,0.0,0.0,0.0,0.0,0.0,0.0,0.0,0.0,0.0,0.0,0.0,0.0,0.0,0.0,0.0,0.0,0.0
0.0,0.0,0.0,0.0,0.0,0.0,0.0,0.0,0.0,0.0,-0.8832834565866303,0.0,0.0,0.0,0.0,0.0,0.0,-0.5764308778062086,0.0,0.0,0.0,0.0,0.0,0.0,0.0,0.0,0.0,0.0,0.0,0.0,0.0,-0.6224340868166689,0.0,-0.23429262942515128,0.0,0.0,0.0,0.0,0.0,0.0,0.0,0.0,0.0,0.0,0.0,0.0,0.0,0.0,0.0,0.0,0.0,0.0,0.0,0.0,0.0,0.0,0.0,0.0,4.5511235227496645,0.0,0.0,0.0,0.0,0.0,0.0,0.0,0.0,-0.23113798482359882,0.0,0.0,0.0,0.0,0.0,-0.3601596363326076,0.0,0.0,0.0,0.0,0.0,-0.5919693209966714,0.0,-0.5600211551363683,0.0,0.0,0.0,0.0,0.0,0.0,0.0,-0.491394374825759,0.0,0.0,0.0,0.0,0.0,0.0,0.0,0.0,0.0,0.0
0.0,-0.8237828092890651,0.0,0.0,0.0,0.0,0.0,0.0,0.0,0.0,0.0,0.0,0.0,0.0,0.0,0.0,-0.11994983764510381,0.0,0.0,0.0,0.0,-0.6599639599326612,0.0,0.0,0.0,0.0,0.0,0.0,0.0,0.0,0.0,0.0,0.0,0.0,0.0,0.0,0.0,-0.07888655248797738,0.0,0.0,0.0,0.0,0.0,0.0,0.0,0.0,0.0,0.0,0.0,-0.2740396708010484,0.0,0.0,0.0,-0.977725146856899,0.0,0.0,0.0,0.0,0.0,3.166130216600304,0.0,0.0,0.0,0.0,-0.14651310528532457,0.0,0.0,0.0,0.0,0.0,0.0,0.0,0.0,0.0,0.0,-0.08526913430222449,0.0,0.0,0.0,0.0,0.0,0.0,0.0,0.0,0.0,0.0,0.0,0.0,0.0,0.0,0.0,0.0,0.0,0.0,0.0,0.0,0.0,0.0,0.0,0.0
0.0,0.0,0.0,0.0,0.0,-0.320510046494344,0.0,0.0,0.0,-0.39796895677587263,0.0,0.0,0.0,0.0,0.0,0.0,0.0,0.0,0.0,0.0,0.0,0.0,0.0,0.0,0.0,0.0,0.0,0.0,0.0,0.0,0.0,0.0,0.0,0.0,0.0,0.0,0.0,0.0,0.0,0.0,0.0,-0.6174752524983524,0.0,0.0,0.0,0.0,0.0,0.0,0.0,0.0,0.0,0.0,0.0,0.0,0.0,0.0,0.0,0.0,0.0,0.0,4.561534728120885,0.0,0.0,0.0,-0.4148723202627027,0.0,-0.17716531948859005,0.0,0.0,0.0,-0.6090583306601787,0.0,0.0,-0.6739877215550019,0.0,0.0,0.0,0.0,0.0,0.0,0.0,0.0,0.0,0.0,0.0,0.0,0.0,0.0,0.0,0.0,-0.43846119914151704,0.0,0.0,0.0,0.0,-0.9120355812443259,0.0,0.0,0.0,0.0
0.0,0.0,0.0,0.0,0.0,0.0,0.0,0.0,0.0,0.0,0.0,-0.5155023857662808,0.0,-0.7442135940183976,0.0,0.0,0.0,0.0,0.0,0.0,0.0,0.0,0.0,0.0,0.0,0.0,0.0,-0.5315083182469209,0.0,0.0,0.0,0.0,0.0,0.0,0.0,0.0,0.0,0.0,0.0,0.0,0.0,0.0,0.0,0.0,0.0,0.0,0.0,-0.9763045310284244,0.0,0.0,0.0,0.0,0.0,0.0,0.0,-0.32488182924088504,0.0,0.0,0.0,0.0,0.0,8.947580411344818,0.0,0.0,0.0,0.0,0.0,0.0,0.0,-0.9919929167553014,-0.22098016088764494,0.0,0.0,0.0,-0.755469750790134,-0.7872548138629245,0.0,-0.8256294427197077,0.0,0.0,0.0,0.0,-0.576798089214061,0.0,0.0,0.0,-0.9512600471462354,0.0,0.0,0.0,0.0,0.0,0.0,0.0,0.0,0.0,-0.7457845316678993,0.0,0.0,0.0
-0.9454455611574382,0.0,0.0,0.0,0.0,0.0,0.0,0.0,0.0,0.0,0.0,0.0,0.0,0.0,0.0,0.0,0.0,0.0,0.0,0.0,0.0,0.0,0.0,-0.33821915680102377,0.0,-0.48814192197982487,0.0,0.0,0.0,0.0,0.0,0.0,0.0,-0.010735098545108457,0.0,0.0,0.0,0.0,-0.7658381640066183,0.0,0.0,0.0,0.0,0.0,0.0,0.0,0.0,0.0,0.0,0.0,0.0,-0.8822838336866032,-0.7219724635659823,0.0,-0.9508863236695166,0.0,0.0,0.0,0.0,0.0,0.0,0.0,7.7520316632865764,0.0,0.0,0.0,0.0,0.0,0.0,0.0,0.0,-0.8721476034586939,0.0,-0.4007787856558618,0.0,0.0,0.0,0.0,-0.03441838662255248,0.0,0.0,0.0,0.0,0.0,0.0,0.0,0.0,0.0,0.0,0.0,0.0,-0.09002096355090683,0.0,-0.7488780713723222,-0.5022653292141239,0.0,0.0,0.0,0.0,0.0
0.0,0.0,0.0,0.0,0.0,0.0,0.0,0.0,-0.45750570582766525,0.0,0.0,0.0,0.0,0.0,0.0,0.0,0.0,0.0,0.0,0.0,0.0,0.0,0.0,0.0,-0.662636947263676,0.0,0.0,0.0,0.0,0.0,0.0,0.0,-0.8247571878240587,0.0,0.0,0.0,-0.35104476894606207,0.0,0.0,0.0,0.0,0.0,0.0,0.0,0.0,0.0,0.0,0.0,-0.5460938258349739,0.0,0.0,0.0,0.0,0.0,0.0,0.0,0.0,0.0,0.0,0.0,0.0,0.0,0.0,4.655214433723183,0.0,0.0,-0.13657384565478625,0.0,0.0,0.0,-0.94592696607651,0.0,0.0,0.0,0.0,0.0,0.0,0.0,0.0,0.0,0.0,0.0,0.0,0.0,0.0,0.0,0.0,0.0,0.0,0.0,0.0,0.0,0.0,0.0,-0.730675186295451,0.0,0.0,0.0,0.0,0.0
0.0,0.0,0.0,0.0,0.0,0.0,0.0,0.0,0.0,0.0,0.0,0.0,0.0,0.0,0.0,0.0,0.0,-0.8123331709734802,0.0,0.0,0.0,0.0,0.0,0.0,-0.4892149579290823,0.0,0.0,0.0,0.0,0.0,0.0,0.0,0.0,0.0,0.0,0.0,0.0,0.0,0.0,0.0,0.0,0.0,0.0,-0.8946998542887559,0.0,-0.7797455035357048,0.0,0.0,-0.6166586557256091,-0.636983616580044,0.0,0.0,0.0,0.0,0.0,0.0,0.0,0.0,0.0,-0.14651310528532457,-0.4148723202627027,0.0,0.0,0.0,6.802355847530691,0.0,0.0,0.0,0.0,0.0,0.0,0.0,0.0,-0.3404190680150958,0.0,0.0,0.0,0.0,0.0,0.0,0.0,0.0,0.0,0.0,0.0,-0.8110796210285542,0.0,0.0,0.0,0.0,0.0,0.0,-0.7995893574773536,0.0,0.0,0.0,0.0,-0.06024661642898388,0.0,0.0
0.0,0.0,0.0,0.0,0.0,0.0,0.0,0.0,0.0,0.0,0.0,0.0,0.0,0.0,0.0,0.0,0.0,0.0,0.0,0.0,0.0,-0.8082276220722804,0.0,0.0,0.0,0.0,0.0,-0.13066499634042095,0.0,0.0,-0.1560620572478575,0.0,0.0,0.0,0.0,0.0,0.0,0.0,0.0,0.0,0.0,0.0,0.0,0.0,0.0,0.0,0.0,0.0,-0.9132001176065412,0.0,0.0,0.0,0.0,0.0,0.0,0.0,0.0,0.0,0.0,0.0,0.0,0.0,0.0,0.0,0.0,4.380444306340137,0.0,0.0,0.0,-0.2597592786325855,0.0,0.0,0.0,0.0,0.0,0.0,0.0,0.0,0.0,0.0,0.0,0.0,0.0,0.0,0.0,-0.3512192624390922,0.0,0.0,0.0,0.0,0.0,-0.4946574487376021,0.0,0.0,0.0,0.0,0.0,-0.4708567184299097,-0.795796804833848,0.0
0.0,0.0,-0.39235148595741043,0.0,-0.473106154615208,-0.6303240222419584,0.0,0.0,0.0,0.0,0.0,0.0,0.0,0.0,0.0,0.0,0.0,0.0,0.0,0.0,0.0,0.0,0.0,0.0,0.0,0.0,0.0,0.0,0.0,0.0,0.0,0.0,0.0,0.0,0.0,0.0,0.0,0.0,0.0,0.0,-0.23814563399250255,0.0,0.0,0.0,0.0,-0.17721267615245306,0.0,0.0,0.0,0.0,0.0,-0.8161606142886864,0.0,0.0,0.0,0.0,0.0,0.0,0.0,0.0,-0.17716531948859005,0.0,0.0,-0.13657384565478625,0.0,0.0,5.7029811394047485,0.0,-0.6851064477505879,0.0,0.0,-0.7212363985712833,0.0,-0.3765306337159735,0.0,0.0,0.0,0.0,0.0,0.0,0.0,0.0,0.0,0.0,0.0,0.0,0.0,0.0,0.0,0.0,0.0,0.0,0.0,0.0,0.0,0.0,0.0,0.0,-0.8790679069753085,0.0
0.0,0.0,-0.3884703005484873,0.0,0.0,0.0,0.0,0.0,-0.10196246353957683,0.0,0.0,0.0,0.0,0.0,0.0,-0.9704080989180777,0.0,0.0,0.0,0.0,-0.8438411755643764,0.0,0.0,0.0,0.0,0.0,0.0,0.0,0.0,0.0,-0.6611329063000115,0.0,0.0,-0.5907717512008706,0.0,0.0,0.0,0.0,0.0,0.0,0.0,0.0,0.0,0.0,0.0,0.0,0.0,0.0,0.0,0.0,0.0,0.0,-0.36471409532212373,0.0,0.0,-0.40360409171598777,-0.0015932244245953076,0.0,-0.23113798482359882,0.0,0.0,0.0,0.0,0.0,0.0,0.0,0.0,4.8515625329110845,0.0,0.0,0.0,0.0,0.0,0.0,0.0,0.0,0.0,0.0,0.0,0.0,0.0,0.0,0.0,0.0,0.0,-0.2851949036435133,0.0,0.0,-0.008731536909865278,0.0,0.0,0.0,0.0,0.0,0.0,0.0,0.0,0.0,0.0,0.0
-0.1923905356640434,0.0,0.0,0.0,0.0,-0.7504762386999606,0.0,0.0,0.0,0.0,0.0,0.0,0.0,-0.11502640733266767,0.0,0.0,0.0,0.0,0.0,0.0,0.0,0.0,0.0,0.0,-0.7102175091085068,0.0,0.0,0.0,0.0,0.0,0.0,0.0,0.0,-0.14303973836949768,0.0,0.0,0.0,0.0,0.0,0.0,0.0,0.0,0.0,0.0,0.0,0.0,0.0,0.0,0.0,0.0,-0.1435400441004664,0.0,0.0,-0.04093711402373201,0.0,0.0,0.0,0.0,0.0,0.0,0.0,0.0,0.0,0.0,0.0,0.0,-0.6851064477505879,0.0,5.661119210781726,0.0,0.0,0.0,0.0,0.0,0.0,0.0,-0.7312719138336363,0.0,0.0,0.0,0.0,0.0,0.0,0.0,0.0,-0.4669561643087723,0.0,0.0,0.0,-0.6854841827845144,-0.9966729148053401,0.0,0.0,0.0,0.0,0.0,0.0,0.0,0.0,0.0
0.0,0.0,0.0,0.0,0.0,0.0,0.0,0.0,0.0,0.0,0.0,0.0,0.0,-0.3995405448001885,0.0,0.0,0.0,0.0,0.0,0.0,0.0,-0.8430411290536453,0.0,0.0,0.0,0.0,0.0,0.0,0.0,0.0,0.0,0.0,-0.489154896042691,0.0,0.0,0.0,0.0,0.0,0.0,0.0,0.0,0.0,0.0,0.0,0.0,0.0,0.0,0.0,0.0,0.0,0.0,-0.3318296739967499,-0.42562794424896055,0.0,0.0,0.0,0.0,0.0,0.0,0.0,0.0,-0.9919929167553014,0.0,0.0,0.0,-0.2597592786325855,0.0,0.0,0.0,4.380616842852483,0.0,0.0,0.0,0.0,0.0,-0.6396704593223608,0.0,0.0,0.0,0.0,0.0,0.0,0.0,0.0,0.0,0.0,0.0,0.0,0.0,0.0,0.0,0.0,0.0,0.0,0.0,0.0,0.0,0.0,0.0,0.0
0.0,-0.7049830537828428,-0.4216781306443613,0.0,0.0,0.0,0.0,0.0,0.0,0.0,0.0,-0.615022193065957,0.0,0.0,0.0,0.0,0.0,-0.7753923856908553,0.0,0.0,0.0,0.0,0.0,0.0,0.0,0.0,0.0,0.0,0.0,0.0,0.0,0.0,0.0,0.0,0.0,0.0,0.0,0.0,0.0,0.0,0.0,0.0,0.0,0.0,0.0,-0.5378054168254691,0.0,0.0,0.0,0.0,0.0,0.0,0.0,0.0,0.0,0.0,0.0,0.0,0.0,0.0,-0.6090583306601787,-0.22098016088764494,0.0,-0.94592696607651,0.0,0.0,0.0,0.0,0.0,0.0,6.886082891830541,0.0,0.0,0.0,-0.82132727034457,0.0,0.0,-0.9619038106725513,0.0,0.0,0.0,0.0,0.0,0.0,0.0,0.0,0.0,0.0,0.0,-0.27200517317960116,0.0,0.0,0.0,0.0,0.0,0.0,0.0,0.0,0.0,0.0
0.0,0.0,0.0,0.0,0.0,0.0,0.0,0.0,0.0,0.0,0.0,0.0,-0.9237961006323818,-0.04716532486726743,0.0,0.0,0.0,0.0,0.0,-0.7891307682486861,0.0,0.0,0.0,0.0,0.0,0.0,0.0,0.0,0.0,0.0,0.0,0.0,0.0,0.0,0.0,0.0,-0.23785421181698174,0.0,0.0,0.0,0.0,0.0,-0.05961630027185616,0.0,0.0,0.0,0.0,0.0,0.0,0.0,0.0,-0.9031619521908867,0.0,0.0,0.0,0.0,0.0,0.0,0.0,0.0,0.0,0.0,-0.8721476034586939,0.0,0.0,0.0,-0.7212363985712833,0.0,0.0,0.0,0.0,4.832017840874243,0.0,0.0,0.0,0.0,0.0,0.0,0.0,0.0,0.0,0.0,0.0,0.0,-0.27790918081620597,0.0,0.0,0.0,0.0,0.0,0.0,0.0,0.0,0.0,0.0,0.0,0.0,0.0,0.0,0.0
0.0,-0.5533613038370617,0.0,0.0,0.0,-0.23761657592953989,0.0,-0.005805152955321358,0.0,0.0,0.0,0.0,0.0,0.0,0.0,0.0,0.0,0.0,0.0,0.0,0.0,0.0,0.0,0.0,0.0,0.0,0.0,0.0,0.0,0.0,0.0,0.0,0.0,0.0,0.0,0.0,-0.6615304733596132,0.0,0.0,0.0,0.0,0.0,0.0,0.0,0.0,0.0,0.0,0.0,0.0,0.0,0.0,0.0,0.0,0.0,0.0,0.0,0.0,0.0,0.0,0.0,0.0,0.0,0.0,0.0,0.0,0.0,0.0,0.0,0.0,0.0,0.0,0.0,2.837877287610393,-0.7971093285553492,0.0,0.0,0.0,0.0,0.0,0.0,0.0,0.0,0.0,0.0,0.0,0.0,0.0,0.0,0.0,0.0,0.0,0.0,0.0,-0.5824544529735076,0.0,0.0,0.0,0.0,0.0,0.0
0.0,0.0,0.0,0.0,0.0,0.0,0.0,0.0,0.0,-0.6505842156465824,0.0,0.0,0.0,0.0,0.0,0.0,0.0,0.0,0.0,0.0,0.0,0.0,0.0,0.0,0.0,0.0,0.0,0.0,0.0,-0.8198176724708583,0.0,0.0,0.0,0.0,0.0,0.0,0.0,0.0,-0.5027494945426483,0.0,0.0,0.0,0.0,0.0,0.0,0.0,0.0,0.0,0.0,0.0,0.0,0.0,0.0,0.0,-0.18856178366897947,0.0,0.0,0.0,-0.3601596363326076,0.0,-0.6739877215550019,0.0,-0.4007787856558618,0.0,-0.3404190680150958,0.0,-0.3765306337159735,0.0,0.0,0.0,0.0,0.0,-0.7971093285553492,6.78558438807746,-0.24265194427953363,0.0,0.0,-0.5161214630510123,0.0,-0.47958958773598703,0.0,0.0,0.0,0.0,0.0,0.0,0.0,0.0,0.0,0.0,0.0,-0.4365230528519688,0.0,0.0,0.0,0.0,0.0,0.0,0.0,0.0
0.0,0.0,0.0,0.0,0.0,-0.2312421755412637,0.0,0.0,0.0,0.0,0.0,0.0,0.0,0.0,0.0,0.0,0.0,0.0,0.0,0.0,0.0,0.0,0.0,0.0,0.0,0.0,0.0,0.0,0.0,0.0,0.0,0.0,0.0,0.0,0.0,-0.15413543192159374,0.0,0.0,0.0,0.0,0.0,0.0,0.0,0.0,0.0,0.0,0.0,0.0,0.0,0.0,0.0,0.0,0.0,0.0,0.0,0.0,0.0,0.0,0.0,0.0,0.0,-0.755469750790134,0.0,0.0,0.0,0.0,0.0,0.0,0.0,0.0,-0.82132727034457,0.0,0.0,-0.24265194427953363,3.7173311429089675,0.0,-0.9030980048984374,0.0,0.0,0.0,-0.41880447191301995,0.0,0.0,0.0,0.0,0.0,-0.08307915948000066,0.0,0.0,0.0,0.0,0.0,0.0,0.0,0.0,-0.10752293374041466,0.0,0.0,0.0,0.0
0.0,0.0,0.0,0.0,0.0,0.0,0.0,0.0,0.0,-0.3055884864940659,0.0,0.0,0.0,0.0,0.0,0.0,0.0,0.0,0.0,0.0,0.0,0.0,0.0,-0.7935275131195332,0.0,0.0,0.0,0.0,0.0,0.0,0.0,0.0,0.0,0.0,0.0,0.0,0.0,0.0,0.0,0.0,0.0,-0.6781482260103917,-0.009277557219482313,0.0,0.0,0.0,0.0,0.0,0.0,0.0,0.0,0.0,0.0,0.0,0.0,0.0,-0.2698222508736854,0.0,0.0,-0.08526913430222449,0.0,-0.7872548138629245,0.0,0.0,0.0,0.0,0.0,0.0,0.0,-0.6396704593223608,0.0,0.0,0.0,0.0,0.0,4.7051028482156125,-0.2093443748494599,0.0,0.0,0.0,-0.02814151281951882,0.0,0.0,0.0,0.0,0.0,0.0,-0.8990585193419649,0.0,0.0,0.0,0.0,0.0,0.0,0.0,0.0,0.0,0.0,0.0,0.0
0.0,-0.7412012951906406,0.0,0.0,0.0,0.0,0.0,0.0,-0.19275110297412024,0.0,0.0,-0.25264715079169875,0.0,0.0,0.0,0.0,0.0,0.0,0.0,0.0,0.0,0.0,0.0,0.0,0.0,0.0,0.0,0.0,0.0,0.0,-0.41725612401111545,0.0,0.0,0.0,0.0,0.0,0.0,0.0,0.0,0.0,0.0,0.0,0.0,0.0,0.0,0.0,0.0,0.0,0.0,0.0,0.0,0.0,0.0,0.0,0.0,0.0,0.0,0.0,0.0,0.0,0.0,0.0,0.0,0.0,0.0,0.0,0.0,0.0,-0.7312719138336363,0.0,0.0,0.0,0.0,0.0,-0.9030980048984374,-0.2093443748494599,5.346128727261529,0.0,0.0,0.0,-0.2587173724968954,0.0,0.0,0.0,0.0,0.0,-0.3925889078940783,0.0,0.0,0.0,-0.13778054193440425,0.0,0.0,0.0,0.0,0.0,0.0,-0.273913566359125,0.0,-0.8355583720279176
0.0,0.0,0.0,0.0,0.0,0.0,0.0,0.0,0.0,0.0,0.0,0.0,0.0,0.0,0.0,0.0,0.0,0.0,0.0,0.0,0.0,0.0,0.0,0.0,0.0,0.0,0.0,0.0,0.0,0.0,0.0,0.0,0.0,0.0,0.0,0.0,0.0,0.0,0.0,0.0,0.0,-0.6995164722573866,0.0,-0.06579170619247998,0.0,-0.21959145665915858,0.0,0.0,0.0,0.0,0.0,0.0,0.0,0.0,0.0,0.0,-0.3871531041410592,0.0,0.0,0.0,0.0,-0.8256294427197077,0.0,0.0,0.0,0.0,0.0,0.0,0.0,0.0,-0.9619038106725513,0.0,0.0,-0.5161214630510123,0.0,0.0,0.0,5.571207199976289,0.0,0.0,-0.294777732881095,0.0,0.0,0.0,0.0,-0.7867975804038849,0.0,0.0,0.0,0.0,0.0,0.0,0.0,0.0,-0.8139244309979536,0.0,0.0,0.0,0.0,0.0
0.0,0.0,0.0,0.0,0.0,0.0,0.0,0.0,0.0,0.0,0.0,-0.8643459546750323,0.0,-0.28389451701152835,0.0,0.0,0.0,0.0,0.0,0.0,0.0,0.0,0.0,0.0,0.0,-0.4966942938738452,0.0,0.0,0.0,-0.07004421368691882,-0.7863665605588084,0.0,0.0,0.0,0.0,0.0,0.0,0.0,0.0,0.0,0.0,0.0,0.0,0.0,0.0,0.0,0.0,0.0,0.0,0.0,-0.4575611685945211,0.0,0.0,0.0,-0.41337189290256515,0.0,0.0,0.0,0.0,0.0,0.0,0.0,-0.03441838662255248,0.0,0.0,0.0,0.0,0.0,0.0,0.0,0.0,0.0,0.0,0.0,0.0,0.0,0.0,0.0,4.854746541112159,0.0,0.0,0.0,0.0,0.0,-0.5278145677633683,0.0,0.0,0.0,0.0,0.0,0.0,0.0,0.0,0.0,0.0,-0.25296715870388264,0.0,0.0,-0.6672678267191365,0.0
0.0,0.0,0.0,-0.8322677280421498,0.0,0.0,0.0,-0.48976990666157216,0.0,0.0,0.0,-0.1835829704653904,0.0,0.0,0.0,0.0,0.0,-0.308279659962998,0.0,0.0,0.0,-0.26624503213923845,-0.3553729686453939,0.0,0.0,0.0,0.0,-0.2952062894877965,0.0,0.0,0.0,0.0,0.0,-0.12770454411388088,0.0,0.0,0.0,0.0,0.0,0.0,0.0,0.0,0.0,0.0,0.0,0.0,0.0,0.0,0.0,0.0,0.0,0.0,-0.6563560348626127,0.0,0.0,0.0,0.0,0.0,-0.5919693209966714,0.0,0.0,0.0,0.0,0.0,0.0,0.0,0.0,0.0,0.0,0.0,0.0,0.0,0.0,-0.47958958773598703,0.0,0.0,0.0,0.0,0.0,4.961939285090288,0.0,0.0,0.0,0.0,0.0,0.0,0.0,0.0,0.0,-0.3755952419765969,0.0,0.0,0.0,0.0,0.0,0.0,0.0,0.0,0.0,0.0
0.0,0.0,0.0,0.0,0.0,0.0,0.0,0.0,0.0,0.0,0.0,0.0,0.0,0.0,-0.48919382093305375,0.0,0.0,0.0,0.0,0.0,0.0,0.0,0.0,0.0,0.0,0.0,0.0,0.0,0.0,0.0,0.0,0.0,0.0,0.0,0.0,0.0,0.0,0.0,0.0,0.0,0.0,-0.8552225984935933,0.0,0.0,0.0,-0.5855572376077642,0.0,0.0,0.0,0.0,0.0,0.0,0.0,0.0,0.0,0.0,0.0,0.0,0.0,0.0,0.0,0.0,0.0,0.0,0.0,0.0,0.0,0.0,0.0,0.0,0.0,0.0,0.0,0.0,-0.41880447191301995,-0.02814151281951882,-0.2587173724968954,-0.294777732881095,0.0,0.0,3.266110392088473,0.0,0.0,0.0,0.0,0.0,0.0,0.0,0.0,-0.33569564494353243,0.0,0.0,0.0,0.0,0.0,0.0,0.0,0.0,0.0,0.0
0.0,-0.22307313427814313,0.0,0.0,0.0,0.0,0.0,0.0,0.0,0.0,0.0,0.0,0.0,0.0,0.0,0.0,0.0,0.0,0.0,-0.7999292151090232,0.0,0.0,0.0,-0.044696619034205964,0.0,0.0,0.0,-0.1392216832620019,0.0,0.0,0.0,0.0,0.0,0.0,0.0,0.0,0.0,0.0,0.0,0.0,-0.8574536352894122,0.0,0.0,0.0,0.0,0.0,0.0,0.0,0.0,-0.873465043764124,0.0,0.0,0.0,-0.6016442143620149,-0.4447829478295904,0.0,-0.4609963900187166,-0.6637182398792374,-0.5600211551363683,0.0,0.0,0.0,0.0,0.0,0.0,0.0,0.0,0.0,0.0,0.0,0.0,0.0,0.0,0.0,0.0,0.0,0.0,0.0,0.0,0.0,0.0,5.669002277962838,0.0,0.0,0.0,0.0,0.0,0.0,0.0,0.0,0.0,0.0,0.0,0.0,0.0,0.0,0.0,0.0,0.0,0.0
0.0,-0.8777949965074809,0.0,0.0,0.0,0.0,0.0,0.0,0.0,0.0,0.0,0.0,-0.11989211949424372,0.0,0.0,0.0,0.0,0.0,0.0,0.0,0.0,0.0,0.0,0.0,0.0,0.0,0.0,0.0,0.0,0.0,0.0,0.0,-0.7819726609384294,-0.5765871829181917,0.0,0.0,0.0,0.0,0.0,0.0,-0.8263116338739016,0.0,0.0,0.0,0.0,0.0,-0.7066970669123318,0.0,-0.7786775064278983,0.0,0.0,0.0,0.0,0.0,0.0,0.0,0.0,0.0,0.0,0.0,0.0,-0.576798089214061,0.0,0.0,0.0,0.0,0.0,0.0,0.0,0.0,0.0,0.0,0.0,0.0,0.0,0.0,0.0,0.0,0.0,0.0,0.0,0.0,6.08421331498632,0.0,-0.7866438901684303,0.0,0.0,0.0,0.0,0.0,0.0,0.0,0.0,-0.05283816853135059,0.0,0.0,0.0,0.0,0.0,0.0
0.0,0.0,0.0,0.0,0.0,0.0,0.0,0.0,0.0,0.0,0.0,0.0,0.0,0.0,-0.030765652462622972,0.0,0.0,0.0,0.0,0.0,0.0,0.0,0.0,0.0,0.0,0.0,0.0,0.0,0.0,0.0,0.0,0.0,0.0,0.0,0.0,0.0,0.0,0.0,0.0,0.0,0.0,0.0,0.0,0.0,0.0,0.0,0.0,-0.4225107317377028,0.0,0.0,0.0,0.0,0.0,0.0,0.0,0.0,0.0,0.0,0.0,0.0,0.0,0.0,0.0,0.0,0.0,0.0,0.0,0.0,0.0,0.0,0.0,0.0,0.0,0.0,0.0,0.0,0.0,0.0,0.0,0.0,0.0,0.0,0.0,3.0262864314355196,0.0,-0.2637621960244656,0.0,-0.5848042581875368,0.0,-0.6946638002151873,0.0,0.0,-0.8271988389534903,-0.2025809538545138,0.0,0.0,0.0,0.0,0.0,0.0
-0.22488345616819805,0.0,0.0,0.0,0.0,0.0,0.0,0.0,-0.09440132765401343,0.0,-0.20932831189274625,0.0,0.0,-0.5009812221243133,0.0,0.0,0.0,0.0,0.0,0.0,0.0,0.0,-0.15928011761909677,0.0,0.0,0.0,0.0,0.0,-0.22252482682934893,0.0,0.0,0.0,0.0,0.0,0.0,0.0,0.0,-0.15850734082910556,0.0,0.0,0.0,-0.9760507844470849,0.0,0.0,0.0,0.0,0.0,0.0,0.0,0.0,0.0,0.0,0.0,0.0,0.0,0.0,0.0,0.0,0.0,0.0,0.0,0.0,0.0,0.0,0.0,0.0,0.0,0.0,0.0,0.0,0.0,-0.27790918081620597,0.0,0.0,0.0,0.0,0.0,0.0,-0.5278145677633683,0.0,0.0,0.0,-0.7866438901684303,0.0,7.258798891803995,-0.6326863601523622,-0.7484257217713306,0.0,0.0,0.0,0.0,0.0,-0.9033666903343209,-0.8359950932340683,0.0,0.0,0.0,0.0,0.0,0.0
0.0,0.0,0.0,0.0,-0.07842393946107284,0.0,0.0,0.0,0.0,0.0,0.0,0.0,0.0,0.0,0.0,0.0,0.0,0.0,0.0,0.0,0.0,0.0,0.0,-0.06480806390700566,0.0,0.0,0.0,0.0,-0.40954059513646035,0.0,0.0,0.0,0.0,0.0,0.0,0.0,0.0,0.0,0.0,0.0,0.0,0.0,0.0,0.0,0.0,0.0,0.0,0.0,0.0,0.0,0.0,0.0,0.0,0.0,0.0,0.0,0.0,0.0,0.0,0.0,0.0,0.0,0.0,0.0,-0.8110796210285542,-0.3512192624390922,0.0,-0.2851949036435133,-0.4669561643087723,0.0,0.0,0.0,0.0,0.0,0.0,0.0,0.0,-0.7867975804038849,0.0,0.0,0.0,0.0,0.0,-0.2637621960244656,-0.6326863601523622,4.150468686505183,0.0,0.0,0.0,0.0,0.0,0.0,0.0,0.0,0.0,0.0,0.0,0.0,0.0,0.0
0.0,0.0,0.0,0.0,0.0,0.0,-0.4161227035206154,0.0,0.0,0.0,0.0,0.0,0.0,0.0,0.0,0.0,0.0,0.0,-0.026729718258636348,0.0,0.0,0.0,0.0,-0.4214918099555163,0.0,0.0,0.0,0.0,0.0,0.0,0.0,-0.815935181115232,0.0,0.0,0.0,-0.09143535152846716,0.0,0.0,0.0,0.0,0.0,0.0,-0.8994579864135259,0.0,0.0,0.0,0.0,0.0,0.0,0.0,-0.3468887614780527,0.0,0.0,0.0,0.0,0.0,0.0,0.0,0.0,0.0,0.0,-0.9512600471462354,0.0,0.0,0.0,0.0,0.0,0.0,0.0,0.0,0.0,0.0,0.0,0.0,-0.08307915948000066,0.0,-0.3925889078940783,0.0,0.0,0.0,0.0,0.0,0.0,0.0,-0.7484257217713306,0.0,5.223963579582573,0.0,0.0,0.0,0.0,0.0,0.0,0.0,-0.030548231020882888,0.0,0.0,0.0,0.0,0.0
-0.9901504472016218,0.0,0.0,0.0,0.0,0.0,0.0,0.0,0.0,0.0,0.0,-0.06250198188800637,0.0,0.0,0.0,0.0,0.0,0.0,0.0,0.0,0.0,0.0,-0.2565073371954425,0.0,0.0,0.0,0.0,0.0,0.0,0.0,-0.10933013383120538,0.0,0.0,0.0,0.0,0.0,0.0,-0.708285712204241,0.0,0.0,0.0,0.0,0.0,0.0,0.0,0.0,0.0,-0.8392236696576776,0.0,0.0,0.0,0.0,0.0,0.0,0.0,0.0,0.0,0.0,0.0,0.0,0.0,0.0,0.0,0.0,0.0,0.0,0.0,0.0,0.0,0.0,0.0,0.0,0.0,0.0,0.0,-0.8990585193419649,0.0,0.0,0.0,0.0,0.0,0.0,0.0,-0.5848042581875368,0.0,0.0,0.0,4.492744090010613,0.0,0.0,0.0,0.0,-0.04288203050291739,0.0,0.0,0.0,0.0,0.0,0.0,0.0
0.0,0.0,0.0,0.0,0.0,0.0,0.0,0.0,0.0,0.0,0.0,0.0,0.0,0.0,0.0,0.0,0.0,0.0,0.0,0.0,0.0,0.0,0.0,0.0,0.0,0.0,-0.6085786363099015,0.0,0.0,0.0,-0.19183504707183086,0.0,0.0,0.0,0.0,0.0,-0.7098395655610119,0.0,0.0,0.0,-0.5038462871333294,0.0,0.0,0.0,-0.8410890546311263,0.0,0.0,0.0,0.0,0.0,0.0,0.0,0.0,0.0,-0.45886455738546617,-0.7795694134763953,0.0,0.0,0.0,0.0,0.0,0.0,0.0,0.0,0.0,0.0,0.0,-0.008731536909865278,0.0,0.0,0.0,0.0,0.0,0.0,0.0,0.0,0.0,0.0,0.0,0.0,0.0,0.0,0.0,0.0,0.0,0.0,0.0,0.0,4.1501586692758465,0.0,0.0,0.0,0.0,0.0,0.0,-0.04780457079692013,0.0,0.0,0.0,0.0
0.0,0.0,0.0,0.0,0.0,0.0,0.0,0.0,0.0,0.0,0.0,0.0,0.0,0.0,0.0,0.0,0.0,0.0,0.0,0.0,0.0,0.0,0.0,0.0,0.0,0.0,0.0,-0.5482683398459407,0.0,0.0,0.0,0.0,0.0,0.0,0.0,0.0,0.0,0.0,0.0,0.0,0.0,0.0,0.0,0.0,0.0,-0.08582539823037005,0.0,0.0,0.0,0.0,0.0,0.0,0.0,0.0,-0.3197821294171834,0.0,0.0,0.0,-0.491394374825759,0.0,0.0,0.0,0.0,0.0,0.0,0.0,0.0,0.0,-0.6854841827845144,0.0,-0.27200517317960116,0.0,0.0,0.0,0.0,0.0,0.0,0.0,0.0,-0.3755952419765969,-0.33569564494353243,0.0,0.0,-0.6946638002151873,0.0,0.0,0.0,0.0,0.0,4.903786614941578,0.0,0.0,-0.2782288784255651,0.0,0.0,0.0,0.0,0.0,0.0,-0.8168434510973281
-0.10666845741175957,0.0,-0.6163034463804549,0.0,0.0,0.0,0.0,0.0,0.0,-0.2932874541556718,0.0,0.0,0.0,0.0,0.0,0.0,0.0,0.0,0.0,0.0,-0.25534705379225264,0.0,0.0,0.0,0.0,0.0,0.0,0.0,0.0,0.0,0.0,0.0,0.0,-0.6384755387753538,0.0,0.0,0.0,0.0,0.0,0.0,-0.4409575887788577,0.0,0.0,0.0,0.0,0.0,0.0,0.0,0.0,0.0,0.0,0.0,0.0,0.0,0.0,0.0,0.0,0.0,0.0,0.0,-0.43846119914151704,0.0,0.0,0.0,0.0,0.0,0.0,0.0,-0.9966729148053401,0.0,0.0,0.0,0.0,0.0,0.0,0.0,-0.13778054193440425,0.0,0.0,0.0,0.0,0.0,0.0,0.0,0.0,0.0,0.0,0.0,0.0,0.0,5.092969999427947,0.0,-0.7258040002906496,0.0,0.0,0.0,0.0,0.0,0.0,-0.4432118039616857
0.0,0.0,0.0,0.0,0.0,0.0,0.0,0.0,0.0,0.0,0.0,0.0,0.0,0.0,0.0,0.0,0.0,0.0,0.0,0.0,0.0,-0.12506491621298643,-0.2872372314767382,0.0,0.0,0.0,-0.6112070254602766,0.0,0.0,0.0,0.0,0.0,0.0,0.0,0.0,0.0,0.0,0.0,0.0,0.0,0.0,0.0,-0.7240512007965376,-0.42936649921244086,0.0,0.0,0.0,0.0,0.0,0.0,0.0,0.0,0.0,0.0,0.0,0.0,0.0,0.0,0.0,0.0,0.0,0.0,-0.09002096355090683,0.0,0.0,-0.4946574487376021,0.0,0.0,0.0,0.0,0.0,0.0,0.0,-0.4365230528519688,0.0,0.0,0.0,0.0,0.0,0.0,0.0,0.0,0.0,0.0,0.0,0.0,0.0,0.0,0.0,0.0,0.0,3.1981283382994574,0.0,0.0,0.0,0.0,0.0,0.0,0.0,0.0
-0.13448991182971803,-0.8537767580269384,0.0,0.0,0.0,0.0,0.0,0.0,0.0,0.0,0.0,0.0,0.0,0.0,0.0,0.0,0.0,0.0,0.0,-0.10495282626320979,0.0,0.0,0.0,0.0,0.0,0.0,-0.5777062770067833,0.0,0.0,0.0,0.0,0.0,-0.8977553091183137,0.0,0.0,0.0,0.0,0.0,0.0,0.0,-0.28896383704825324,0.0,0.0,0.0,0.0,0.0,0.0,0.0,0.0,0.0,-0.805454880846193,0.0,0.0,-0.01456972469062423,0.0,-0.7754803868712841,0.0,0.0,0.0,0.0,0.0,0.0,0.0,0.0,-0.7995893574773536,0.0,0.0,0.0,0.0,0.0,0.0,0.0,0.0,0.0,0.0,0.0,0.0,0.0,0.0,0.0,0.0,0.0,0.0,-0.8271988389534903,-0.9033666903343209,0.0,0.0,-0.04288203050291739,0.0,-0.2782288784255651,-0.7258040002906496,0.0,8.069940396531756,0.0,0.0,0.0,0.0,0.0,-0.039720688846140106,0.0
0.0,0.0,0.0,0.0,0.0,0.0,0.0,0.0,0.0,0.0,0.0,0.0,0.0,0.0,-0.7073682649687694,-0.2705585721432431,0.0,0.0,0.0,0.0,0.0,0.0,0.0,0.0,0.0,0.0,0.0,0.0,0.0,0.0,-0.8843479539500401,0.0,0.0,0.0,0.0,0.0,0.0,0.0,0.0,-0.30257613821502427,0.0,0.0,0.0,0.0,0.0,0.0,0.0,0.0,0.0,0.0,0.0,0.0,0.0,0.0,0.0,0.0,0.0,0.0,0.0,0.0,0.0,0.0,-0.7488780713723222,0.0,0.0,0.0,0.0,0.0,0.0,0.0,0.0,0.0,-0.5824544529735076,0.0,0.0,0.0,0.0,0.0,0.0,0.0,0.0,0.0,-0.05283816853135059,-0.2025809538545138,-0.8359950932340683,0.0,0.0,0.0,0.0,0.0,0.0,0.0,0.0,5.157311086668518,0.0,-0.569713417425679,0.0,0.0,0.0,0.0
0.0,0.0,0.0,0.0,0.0,0.0,0.0,0.0,0.0,0.0,0.0,0.0,0.0,0.0,-0.6367215064261509,0.0,0.0,0.0,0.0,0.0,0.0,0.0,0.0,0.0,0.0,0.0,0.0,0.0,0.0,0.0,0.0,0.0,-0.5402801513016013,-0.9870297153103822,0.0,-0.16763739156209123,0.0,-0.1296062504799229,0.0,-0.09229133839943326,0.0,0.0,0.0,0.0,0.0,0.0,0.0,-0.8825831575305478,0.0,0.0,0.0,0.0,0.0,0.0,-0.10835272684337505,0.0,0.0,0.0,0.0,0.0,0.0,0.0,-0.5022653292141239,-0.730675186295451,0.0,0.0,0.0,0.0,0.0,0.0,0.0,0.0,0.0,0.0,0.0,0.0,0.0,-0.8139244309979536,0.0,0.0,0.0,0.0,0.0,0.0,0.0,0.0,-0.030548231020882888,0.0,0.0,0.0,0.0,0.0,0.0,0.0,5.621915415381916,0.0,0.0,0.0,0.0,0.0
-0.1507960205126373,0.0,-0.004306381710892815,0.0,0.0,0.0,0.0,0.0,0.0,0.0,0.0,0.0,0.0,0.0,0.0,-0.8768101190982522,0.0,0.0,0.0,-0.0405455227526581,0.0,0.0,0.0,0.0,0.0,0.0,0.0,0.0,0.0,0.0,0.0,0.0,0.0,0.0,0.0,-0.6859945622366692,0.0,0.0,0.0,-0.07729352063269168,0.0,0.0,0.0,0.0,0.0,0.0,0.0,0.0,0.0,0.0,0.0,0.0,0.0,0.0,0.0,0.0,0.0,0.0,0.0,0.0,-0.9120355812443259,0.0,0.0,0.0,0.0,0.0,0.0,0.0,0.0,0.0,0.0,0.0,0.0,0.0,-0.10752293374041466,0.0,0.0,0.0,-0.25296715870388264,0.0,0.0,0.0,0.0,0.0,0.0,0.0,0.0,0.0,-0.04780457079692013,0.0,0.0,0.0,0.0,-0.569713417425679,0.0,3.7257897888550238,0.0,0.0,0.0,0.0
0.0,0.0,0.0,0.0,0.0,0.0,0.0,0.0,0.0,0.0,0.0,-0.3023729188025386,0.0,0.0,0.0,0.0,0.0,-0.593249817920485,0.0,0.0,0.0,-0.839138409786619,-0.26332525194304623,0.0,-0.6340914793520585,0.0,0.0,0.0,0.0,0.0,0.0,0.0,0.0,0.0,-0.45324145234672897,0.0,0.0,-0.6765185631566693,0.0,0.0,0.0,0.0,0.0,0.0,0.0,0.0,0.0,0.0,0.0,0.0,0.0,0.0,0.0,-0.28223336936148424,0.0,0.0,0.0,0.0,0.0,0.0,0.0,-0.7457845316678993,0.0,0.0,0.0,0.0,0.0,0.0,0.0,0.0,0.0,0.0,0.0,0.0,0.0,0.0,0.0,0.0,0.0,0.0,0.0,0.0,0.0,0.0,0.0,0.0,0.0,0.0,0.0,0.0,0.0,0.0,0.0,0.0,0.0,0.0,5.640370434064161,0.0,0.0,-0.8504146397266326
0.0,0.0,0.0,0.0,0.0,0.0,0.0,0.0,0.0,0.0,0.0,0.0,0.0,0.0,0.0,0.0,0.0,0.0,0.0,-0.8945011817810782,0.0,0.0,0.0,-0.4268731050503145,0.0,-0.5920201355160579,0.0,0.0,0.0,0.0,-0.9708370555225163,0.0,0.0,0.0,0.0,-0.4636285125982329,0.0,0.0,0.0,-0.08782780704479287,0.0,0.0,0.0,0.0,0.0,0.0,0.0,0.0,0.0,0.0,0.0,0.0,0.0,0.0,0.0,0.0,0.0,0.0,0.0,0.0,0.0,0.0,0.0,0.0,-0.06024661642898388,-0.4708567184299097,0.0,0.0,0.0,0.0,0.0,0.0,0.0,0.0,0.0,0.0,-0.273913566359125,0.0,0.0,0.0,0.0,0.0,0.0,0.0,0.0,0.0,0.0,0.0,0.0,0.0,0.0,0.0,0.0,0.0,0.0,0.0,0.0,4.240704698731011,0.0,0.0
0.0,0.0,0.0,0.0,-0.824933669097571,0.0,0.0,0.0,0.0,-0.7861141230129365,0.0,0.0,0.0,0.0,0.0,0.0,0.0,0.0,0.0,0.0,0.0,0.0,0.0,-0.49916210853616505,0.0,0.0,0.0,0.0,-0.2961715368456108,0.0,0.0,0.0,0.0,0.0,-0.7740258417845172,-0.10486967233669064,0.0,-0.020166984453619863,0.0,-0.868247133901372,0.0,0.0,0.0,0.0,0.0,0.0,0.0,0.0,0.0,0.0,0.0,0.0,0.0,0.0,0.0,0.0,0.0,0.0,0.0,0.0,0.0,0.0,0.0,0.0,0.0,-0.795796804833848,-0.8790679069753085,0.0,0.0,0.0,0.0,0.0,0.0,0.0,0.0,0.0,0.0,0.0,-0.6672678267191365,0.0,0.0,0.0,0.0,0.0,0.0,0.0,0.0,0.0,0.0,0.0,0.0,0.0,-0.039720688846140106,0.0,0.0,0.0,0.0,0.0,6.555544297342916,0.0
0.0,0.0,0.0,0.0,-0.3817657797453662,0.0,0.0,0.0,0.0,0.0,0.0,0.0,0.0,0.0,0.0,0.0,0.0,0.0,0.0,0.0,0.0,0.0,0.0,0.0,0.0,0.0,0.0,0.0,-0.5303432997976085,0.0,0.0,0.0,0.0,0.0,0.0,0.0,0.0,0.0,0.0,0.0,0.0,0.0,0.0,0.0,0.0,0.0,0.0,0.0,0.0,0.0,0.0,0.0,-0.3094604347684886,0.0,0.0,0.0,0.0,0.0,0.0,0.0,0.0,0.0,0.0,0.0,0.0,0.0,0.0,0.0,0.0,0.0,0.0,0.0,0.0,0.0,0.0,0.0,-0.8355583720279176,0.0,0.0,0.0,0.0,0.0,0.0,0.0,0.0,0.0,0.0,0.0,0.0,-0.8168434510973281,-0.4432118039616857,0.0,0.0,0.0,0.0,0.0,-0.8504146397266326,0.0,0.0,4.167597781125027
